Price,Bedrooms,Bathrooms,SquareFeet,YearBuilt,GarageSpaces,LotSize,ZipCode,CrimeRate,SchoolRating
857517,2,1.5,1375,1961,1,1.69,13877,90.21,8
614817,3,2.5,2310,1944,1,0.11,94256,66.84,1
953099,2,2.5,1581,1956,1,0.88,83212,35.02,7
999684,3,3.0,2409,1988,2,1.04,41818,99.71,9
702475,1,1.5,2091,2009,3,1.07,58555,99.71,9
741677,3,3.0,4061,1983,1,1.16,52368,79.11,4
999684,3,1.0,2679,1966,3,1.39,58180,71.07,4
953093,2,2.0,840,2016,1,1.04,99666,64.53,5
696587,4,2.0,4781,1951,1,0.86,59421,73.96,8
953802,4,3.0,2422,2000,2,0.84,36620,99.71,5
567462,1,2.5,2276,1952,3,0.73,70539,21.32,4
670820,2,1.0,3237,1978,2,1.49,27077,39.56,8
869444,2,1.5,2943,1958,0,0.71,22663,47.94,5
179235,2,2.5,4010,1960,1,1.52,93335,65.85,5
165153,4,2.5,3992,1949,2,1.07,57285,94.39,3
586024,3,2.0,2035,2011,2,0.78,61235,61.21,8
439346,3,2.0,4997,1936,0,1.39,27619,67.32,6
824834,1,3.0,2578,1936,2,0.67,79503,68.8,5
449726,4,2.0,3245,2022,1,1.4,67477,49.98,1
281038,1,2.5,3496,1998,3,1.17,37488,37.34,8
999684,3,4.0,3360,1902,3,0.74,88747,51.47,2
730695,3,1.0,3539,1942,2,1.35,31169,30.48,6
838644,5,1.0,4997,1902,3,1.36,40373,30.98,3
193613,1,3.0,2018,1928,2,1.69,42669,59.92,2
511390,1,2.0,1967,1902,2,1.58,65277,35.55,8
795101,3,2.0,3202,1958,3,1.33,82170,99.71,5
369679,5,2.0,4997,1921,2,0.45,65120,53.54,5
883009,5,2.0,1981,1965,1,2.0,76376,88.45,9
462727,3,4.0,850,1904,0,0.3,64235,13.47,9
631242,2,3.0,2004,1965,1,1.57,44229,14.35,4
451727,4,3.0,1471,1948,2,1.29,96854,46.12,2
999684,2,1.0,2198,2017,3,0.43,25405,76.29,9
871798,4,1.5,4020,2013,2,0.99,25847,35.21,2
381348,4,1.0,2358,1991,1,1.02,33547,46.43,6
958362,5,1.5,2076,1951,0,1.77,16575,78.11,4
370607,5,3.5,3861,2022,1,0.67,14843,38.15,5
950032,4,3.0,4450,1907,1,0.92,17739,27.51,8
122420,2,2.5,840,1912,1,0.11,24852,69.71,3
294487,3,2.5,4041,1959,2,2.0,61661,11.78,3
999684,1,2.0,3322,2022,3,0.48,19157,38.56,7
999684,2,2.5,3843,1955,2,1.24,97942,52.61,9
970288,2,3.0,4158,1956,1,1.01,82968,64.55,9
702287,2,1.0,4649,1911,1,1.01,28837,73.0,1
653677,3,2.5,2638,1997,2,1.5,90684,77.5,4
213872,2,3.5,2835,1997,1,1.96,86730,40.61,2
545695,5,2.0,3282,1991,2,1.2,24819,76.89,7
581731,3,3.0,3065,1940,2,1.41,82161,63.89,5
999684,3,4.0,4891,1937,2,1.24,17404,70.08,7
723518,2,2.5,1100,1916,2,1.61,24674,31.07,4
159512,3,3.0,2035,1966,2,0.81,86043,68.47,7
997334,4,2.0,4997,1924,0,1.64,95923,44.92,5
638613,2,2.5,3921,1920,2,1.66,28697,50.7,5
471700,2,3.0,2271,1947,1,1.64,95083,54.07,4
999684,3,2.5,4082,1945,0,0.7,70663,99.71,9
999684,1,1.5,2754,1943,0,0.97,33570,22.98,2
999684,2,2.5,4494,1979,2,1.19,38037,83.56,5
468492,2,3.5,2793,1965,1,0.32,47982,90.5,9
774870,4,3.0,4644,1952,0,1.92,78524,73.09,9
999684,3,3.5,4997,1969,2,1.05,15156,33.9,3
999684,3,2.5,3776,1927,0,1.21,48280,98.16,3
643451,4,3.0,3479,1966,2,0.75,85324,39.76,6
784257,3,2.5,3924,1968,2,0.34,70706,69.1,7
344949,4,1.5,2985,1908,2,0.73,89721,52.8,8
372190,3,2.5,4997,1998,3,1.18,94270,38.69,1
999684,3,1.5,3277,1931,0,1.42,19971,65.06,9
999684,2,2.0,2379,1966,1,1.15,63140,99.71,3
742583,1,2.5,1350,2004,1,1.25,53408,56.7,9
999684,3,2.5,4371,1996,2,0.88,62022,99.71,1
999684,5,1.5,4813,1964,2,1.33,16487,44.04,2
553323,4,3.5,2827,1949,1,1.86,30997,51.55,9
999684,4,3.0,4108,1997,1,1.44,56456,14.03,9
999684,5,2.0,1979,1987,0,1.5,87988,33.26,5
752983,3,1.0,3283,1940,3,1.22,90908,43.03,4
999684,3,2.5,3603,1934,2,0.25,69416,39.85,5
181596,2,2.0,4649,1902,3,0.5,54767,21.67,6
999684,3,2.5,2143,1968,1,1.31,88970,27.39,6
736481,4,2.0,1895,1960,1,1.05,87952,41.07,4
624959,5,1.0,2710,2003,0,1.3,94784,83.48,1
750790,3,2.0,1468,1975,2,1.97,38194,6.26,4
195188,2,2.0,4299,2011,0,1.45,43785,0.19,1
840643,3,3.0,4910,1937,3,1.74,68676,0.19,7
999684,4,2.0,3803,2003,0,1.11,18373,24.92,6
999684,1,4.0,3804,1943,2,0.62,40283,67.66,5
581219,1,1.0,2506,1990,3,1.03,65911,39.06,4
455795,2,3.5,2591,1910,2,0.63,36414,38.67,9
584188,1,2.5,1949,1971,2,1.9,24378,38.02,8
999684,2,3.0,2334,1902,0,1.49,93872,0.19,6
739445,3,2.5,1216,1953,0,1.34,14700,74.12,4
614130,2,3.5,3020,1978,2,1.73,74143,87.05,9
999684,5,2.0,3730,1944,3,0.11,73229,39.66,5
803567,3,1.5,3952,1925,1,1.38,23901,51.78,3
999684,3,3.5,3174,1993,0,0.35,32597,52.74,4
555145,4,2.5,3226,1959,0,1.06,43428,18.58,7
591005,1,2.5,1307,1945,0,0.89,45687,36.61,8
651206,4,3.5,3507,1964,1,1.42,39493,99.71,7
268459,3,1.5,3943,2022,3,1.18,61224,49.21,7
862970,4,3.0,2056,2004,2,1.79,41852,55.76,4
901267,1,2.0,2451,2004,2,0.73,20932,29.35,4
790670,1,2.5,2625,1978,1,1.44,98545,36.94,5
664104,4,2.5,2564,1968,1,1.15,74202,67.93,5
206537,4,1.0,2719,1902,3,0.18,43583,25.15,2
572235,2,2.0,2980,1938,2,0.56,57278,95.96,5
596967,2,3.5,1352,1945,0,0.98,39865,2.79,7
473471,5,3.0,4196,1902,1,1.66,22289,31.09,4
650823,1,2.5,1278,1921,1,1.31,80270,6.71,9
904404,5,2.5,4997,1902,1,0.43,95549,87.45,2
999684,2,2.0,4649,1961,2,0.98,45521,48.28,3
839161,4,3.5,2394,1992,1,2.0,16505,41.07,4
985334,2,2.5,3342,2002,1,1.12,54327,60.77,7
729232,4,2.5,2553,1977,3,0.88,75519,89.6,6
165434,2,3.5,3946,1928,1,1.33,80221,55.54,3
561048,3,2.0,1553,1902,3,1.47,28409,82.22,1
736955,3,4.0,3636,1902,1,0.81,29517,40.87,2
999684,2,1.0,1663,1917,2,1.33,54533,21.64,1
705828,4,4.0,3174,1931,1,0.88,40475,56.01,7
758254,2,2.0,1474,1957,2,1.45,25327,29.24,2
801711,3,2.0,4044,1926,2,1.15,65344,69.15,7
320295,2,1.0,1706,1975,2,1.32,13671,37.54,7
999684,1,2.0,3005,1954,1,0.65,80477,46.89,8
999684,3,1.5,2652,1963,0,0.62,88002,0.19,3
999684,5,2.0,3642,2004,3,1.57,60756,45.73,6
428979,4,2.5,3597,1920,1,1.02,93822,42.34,5
999684,3,3.5,2154,1978,2,1.21,54959,82.8,5
244980,3,2.5,3313,1962,0,0.89,80124,74.37,5
999684,3,2.5,4888,1950,1,1.55,38080,50.02,7
999684,4,1.5,2492,1994,1,0.73,34544,2.38,7
453231,1,1.5,3744,1994,2,0.99,86347,36.65,5
592310,5,4.0,4997,1928,0,1.48,28733,82.83,4
769992,4,2.0,2447,1956,2,1.69,64211,43.61,4
553390,4,4.0,1685,1973,0,0.78,50696,18.61,5
193652,4,2.0,3781,1953,2,2.0,58093,82.48,6
834108,3,2.5,2409,1984,0,1.23,57042,2.58,5
420729,4,3.5,4997,1973,1,0.5,63516,46.07,2
999684,4,3.5,3462,2022,1,1.26,47487,65.39,4
347881,2,2.5,1747,1907,0,0.85,50849,52.95,4
999684,2,2.0,1336,1958,1,1.29,24550,13.58,5
558953,3,2.5,4363,1930,0,1.04,86400,22.57,9
713223,5,3.0,3097,1984,0,1.1,94597,29.23,6
981396,1,3.0,2399,1904,3,0.57,59699,71.9,8
316137,1,2.5,3487,1975,0,1.59,88160,54.23,3
816975,3,3.0,2485,1940,1,0.44,78897,38.16,5
999684,3,4.0,3008,1936,2,0.46,23707,61.09,8
148378,3,3.0,3043,1910,1,1.26,11924,27.72,1
859741,3,2.5,3878,1946,1,1.93,88183,70.58,4
999684,3,1.0,3767,2002,2,0.87,39018,62.29,7
999684,5,1.0,3516,1962,3,1.44,97163,42.86,5
300435,1,3.0,2422,1985,0,1.64,31031,44.65,4
281261,2,2.5,2261,2022,1,1.5,75164,39.48,4
855759,3,2.0,1300,1972,0,0.89,78237,77.99,6
783682,1,2.5,2654,1942,1,0.47,59573,55.54,1
999684,3,2.5,4997,1979,2,0.11,26719,43.09,5
926292,5,3.5,2724,1943,1,0.92,19718,21.38,7
457807,3,2.5,2140,1944,1,1.7,10056,66.29,4
678046,3,2.0,2024,1908,0,0.45,25352,64.95,1
956240,1,3.5,3211,1996,2,1.44,57820,34.19,4
514905,2,2.5,3240,1949,3,0.55,78683,37.22,5
999684,2,3.0,2515,1969,0,1.12,79073,45.95,2
864121,3,2.0,1967,1925,1,1.44,98348,16.11,5
362966,5,2.0,3889,1978,2,0.7,10721,51.44,6
968150,4,2.5,1554,1935,3,1.15,92305,1.95,8
404365,1,2.5,2518,1957,0,0.84,61969,12.48,5
999684,3,3.0,4102,1994,1,1.44,50194,34.65,5
999684,4,2.0,1928,1991,2,1.19,56556,31.23,4
416644,5,1.0,1950,1962,1,1.09,56775,62.32,4
999684,5,2.0,4997,1902,0,1.9,89882,57.47,7
865627,1,3.0,1617,2022,2,1.42,49883,88.95,4
999684,2,2.0,4060,2022,3,0.69,20911,51.99,7
999684,1,2.0,2163,1989,2,1.01,75795,55.25,5
640473,3,3.5,2869,1935,0,1.02,30872,15.84,2
526165,4,2.0,3944,1958,1,1.1,84327,15.9,3
435338,4,1.0,2366,1943,3,2.0,83072,51.17,9
510948,3,2.5,3221,2008,3,1.26,95968,51.67,5
684931,3,2.0,2607,1972,2,0.11,54537,57.66,1
705308,3,1.5,1487,1934,2,0.77,95077,85.87,2
872191,2,2.5,3107,1946,1,0.11,26860,17.17,3
999684,5,3.0,3464,2003,1,0.88,80819,97.97,3
790516,1,2.5,2159,2020,1,0.11,40743,6.42,2
999684,3,2.5,1619,2018,2,0.59,52559,60.06,9
882803,5,4.0,4997,1990,3,0.24,82941,13.44,7
999684,3,2.0,4108,1953,3,1.27,42205,70.17,5
999684,3,2.5,4213,1902,0,1.06,99944,6.6,4
458386,2,2.0,2340,1973,2,1.22,27645,0.19,5
333445,3,1.5,1000,1962,2,1.0,81859,53.52,9
999684,5,2.0,4997,1968,2,0.31,81473,45.72,3
595292,1,2.0,2274,1964,1,1.34,60734,81.16,1
999684,5,3.0,2885,1915,3,2.0,40431,51.56,7
999684,1,4.0,2844,1983,0,1.28,70914,27.88,8
948343,3,2.0,4455,1985,0,0.83,27882,33.78,9
433606,2,2.0,2677,1987,2,0.29,88539,99.71,4
246477,4,2.5,4946,1997,3,0.57,53346,24.14,4
701366,1,3.0,3639,1984,1,1.3,22979,64.42,9
999684,4,2.5,2136,1948,1,1.64,54828,60.9,7
849494,5,3.5,2975,1960,3,1.2,17228,65.09,5
320171,1,1.0,3489,1966,1,1.49,84836,62.74,6
702358,3,1.0,850,1966,1,1.44,84217,41.62,4
999684,2,2.0,2526,1998,2,1.33,83803,0.19,6
418649,4,3.5,1714,1986,2,0.7,80908,53.8,6
914344,3,1.0,2494,2022,3,1.15,48918,48.95,7
788119,2,1.0,2348,2022,3,0.6,20920,52.89,2
346458,4,3.0,2993,1965,2,1.07,92392,65.59,6
811192,5,2.5,3120,1902,2,1.24,37785,37.41,2
999684,3,1.5,1754,2007,2,1.97,92757,31.46,9
999684,4,1.5,4997,1943,2,0.35,35178,75.26,4
999684,1,1.5,4291,1934,2,1.32,81997,39.85,1
233628,2,2.5,1318,1948,2,1.86,93401,35.11,9
478128,4,2.0,4997,1946,3,1.47,24052,32.61,4
999684,5,3.0,3302,1985,3,1.51,82868,66.44,5
855521,3,1.0,3217,1906,0,1.38,59383,43.28,1
880563,3,1.5,2987,1924,2,1.76,10327,99.71,5
999684,3,1.5,2275,1975,1,0.47,98301,50.97,9
999684,1,2.0,3520,1985,1,0.31,80775,14.58,7
999684,4,2.0,3571,1986,2,1.06,85614,36.74,1
999684,4,3.0,2852,1934,2,0.11,17038,68.19,3
893898,2,1.0,1148,1927,1,1.72,18048,32.04,8
595375,2,2.5,1638,1944,0,1.72,24954,48.82,7
885740,3,3.0,1104,1971,0,0.83,67541,77.49,4
507740,2,4.0,2719,2016,3,0.86,55471,81.82,6
540029,3,2.0,1635,1902,0,1.02,78315,34.22,2
585089,5,2.5,3462,1955,3,1.09,23225,41.93,2
798155,3,1.0,4697,1915,2,1.13,95256,52.11,1
999684,2,1.0,4135,1903,3,1.36,23531,87.97,8
178539,2,3.0,2666,1997,1,0.97,80871,17.66,5
999684,4,2.5,3317,1982,0,1.57,19530,59.68,5
186698,3,3.5,4997,1979,2,1.3,69035,50.92,1
666388,2,1.5,3326,1996,3,0.73,34791,23.49,5
999684,5,3.0,3387,1945,3,1.78,11649,84.94,7
662952,5,4.0,2077,1947,1,0.33,23472,77.83,1
391509,2,3.0,3174,2022,2,1.01,78398,93.61,5
499643,1,2.5,3336,1954,1,1.58,37134,83.3,5
999684,4,2.5,2667,1989,1,0.67,76453,49.61,4
532268,2,1.0,3052,1963,3,1.23,22444,67.15,9
821720,4,3.5,2987,1902,0,1.35,51121,58.87,8
743825,1,2.0,2127,1902,1,0.6,96057,23.21,9
435491,4,3.0,1208,1942,0,1.02,48217,11.77,2
999684,1,1.0,2082,2001,0,0.98,32066,59.94,6
999684,4,1.5,4577,1991,2,0.76,78347,52.1,9
163393,3,3.5,2309,1995,3,2.0,46189,39.63,3
853443,2,2.0,2767,1927,1,0.65,84826,46.66,9
505565,2,3.5,1803,2021,0,1.6,73477,99.71,6
999684,4,2.5,3851,1928,2,0.85,45489,0.19,1
444681,3,1.0,2804,1970,3,0.47,37284,67.74,2
670877,4,3.0,2300,1962,1,1.12,34698,73.58,4
999684,5,2.0,4997,1956,1,1.41,53660,77.18,5
999684,1,3.0,3455,2011,2,1.56,29637,9.64,8
314174,5,2.5,3057,1937,3,1.9,58024,40.88,5
679629,3,1.0,3656,1914,1,2.0,70405,39.44,8
614187,2,2.5,3346,1963,0,1.2,71305,57.73,5
542749,1,4.0,3113,1948,2,0.7,43556,16.8,5
999684,3,3.0,1041,2022,2,1.3,92176,60.22,4
999684,4,2.5,4621,1987,2,0.92,79561,23.85,8
280688,3,3.5,2383,1948,1,1.56,82277,40.75,5
999684,5,2.5,3352,1924,3,0.36,13654,88.04,3
999684,1,2.5,4291,1902,2,2.0,50428,73.57,6
999684,3,1.5,3423,1926,1,1.52,48036,52.88,4
187020,1,2.5,1886,1967,2,0.15,54549,9.24,4
557511,3,3.5,850,2014,0,0.68,75355,58.89,8
999684,4,1.5,4997,2003,2,1.5,72119,60.82,5
493363,2,3.5,1100,1971,1,1.7,99096,0.19,9
820764,1,2.5,1149,1951,1,0.37,56257,59.42,7
999684,3,1.5,2667,1972,1,1.45,25987,18.34,3
484340,4,3.5,4997,1944,2,0.11,30810,6.72,3
898455,4,2.0,4343,2022,3,1.01,30311,17.02,2
190048,5,3.0,3590,1956,2,1.66,64478,0.19,7
370416,1,2.0,2714,1959,1,0.76,44920,37.59,3
583176,4,2.5,2704,1902,2,0.25,18738,20.38,1
291586,5,3.0,3945,1955,2,1.14,83424,82.16,1
999684,1,2.5,2434,1993,1,0.73,72232,38.98,2
251022,3,1.0,4218,1924,1,1.4,15474,28.6,6
657883,2,1.5,3858,1935,1,0.58,69026,3.46,5
976049,3,3.5,3652,1991,2,0.64,76024,37.0,8
999684,3,2.5,2630,1909,1,0.11,60974,88.29,3
241770,2,2.0,3589,2001,1,1.15,34144,93.87,4
999684,2,1.5,2595,1943,3,0.97,15622,38.82,9
686399,3,1.5,1772,1949,3,0.42,62273,47.32,4
346700,1,1.0,1865,1922,1,1.16,49214,69.56,6
932263,1,2.5,2447,1976,2,1.61,67993,19.79,3
999684,4,2.0,4506,2022,2,0.94,35223,59.95,4
520628,1,1.5,2128,1991,2,1.2,31865,99.71,6
719544,4,2.5,1978,1931,2,1.21,84108,71.35,7
687758,4,3.0,3488,2003,3,0.41,73649,70.43,5
738730,1,4.0,2482,1951,2,2.0,53026,88.01,4
999684,2,1.0,2926,2012,1,0.81,99037,75.34,5
999684,5,3.5,4876,1992,3,1.41,69207,42.04,3
310309,2,3.5,3920,1902,2,1.48,36866,15.35,5
999684,2,2.0,1996,1926,2,0.98,22416,45.48,6
187251,4,2.5,2685,1996,2,1.39,35775,21.4,8
666015,4,2.0,2180,1968,1,1.19,39080,41.2,3
999684,3,2.5,3896,1926,2,0.29,80423,24.24,5
920823,2,4.0,4433,1940,1,0.88,29374,38.1,2
522776,5,3.0,3403,1902,1,0.73,68451,6.56,4
781268,5,3.0,3490,1959,0,0.81,62599,29.36,8
730612,4,2.0,4997,2022,0,0.36,92141,60.99,4
601889,3,1.0,3666,1991,1,1.67,25684,68.26,5
999684,2,2.5,3225,2022,1,1.93,34002,62.01,2
828354,2,3.5,1284,1994,2,1.59,32972,38.5,4
556554,4,1.0,4230,1999,1,1.75,76153,52.91,1
999684,4,1.5,2312,2022,0,0.87,56404,99.71,6
912827,5,2.5,2426,1976,3,0.72,16309,28.57,6
999684,4,1.5,3007,1956,3,0.64,94675,95.53,6
999684,1,2.0,1648,2000,2,1.41,78326,7.75,6
542205,4,2.0,3156,2015,3,1.18,17826,0.19,6
434524,2,1.5,985,1945,0,1.02,22134,45.08,1
999684,2,1.5,3848,1937,3,1.76,29693,48.24,3
999684,3,3.0,4408,1967,0,1.28,14054,16.77,1
712832,5,1.5,1566,1992,2,0.61,26090,39.84,4
954727,5,1.0,4946,1991,0,0.69,99344,60.91,3
999684,4,2.0,2454,1911,2,1.43,25569,21.25,5
686162,3,3.0,4085,2022,2,1.62,42227,78.57,9
989071,4,2.5,3339,1939,1,1.36,16508,81.71,7
746154,4,2.0,3455,1953,2,2.0,26608,85.17,9
698296,3,2.5,2842,1930,2,1.94,99059,23.18,7
999684,5,1.0,4997,2022,1,1.3,85969,26.93,5
995871,3,3.0,1584,1971,1,0.61,34520,44.34,5
999684,4,3.0,4146,1932,2,0.35,87424,41.48,7
999684,4,2.0,4734,1994,1,0.85,40932,39.94,6
875589,4,3.5,4275,1990,3,1.47,29734,71.08,4
999684,4,1.5,4997,1956,3,2.0,79363,66.93,9
671894,2,3.5,2073,1993,0,1.29,60555,24.14,6
890304,2,2.5,3847,1933,3,1.69,26257,16.47,1
693878,1,2.0,2220,1945,3,0.93,42194,13.65,5
880489,4,2.5,4892,1902,2,1.4,26793,24.01,5
932967,4,2.5,3411,1915,2,1.5,44684,73.67,4
499607,4,3.5,2958,2022,3,0.11,63219,53.45,4
999684,5,1.5,4997,2022,1,0.84,12859,75.98,4
372360,3,2.0,2476,1965,2,1.57,49840,0.38,1
287200,4,3.5,1735,2022,0,1.21,69327,57.19,1
999684,1,2.0,1730,1957,2,0.41,44819,56.82,3
999684,2,3.5,3443,1954,2,0.11,95621,83.88,4
999684,4,4.0,4997,1965,2,0.86,83750,37.54,2
999684,4,2.0,3553,1958,3,1.02,51704,35.51,2
821205,3,3.0,4635,1955,1,0.58,76137,92.69,4
432507,3,1.5,1442,2004,1,1.14,70379,44.4,8
778809,1,3.0,1818,1968,3,1.33,34318,54.42,8
536598,2,2.5,2360,1988,1,1.42,90987,63.03,8
999684,4,3.0,3284,2000,2,0.11,73956,1.31,2
773263,4,2.0,3521,1976,1,0.35,15274,50.5,5
529601,4,1.0,4245,1928,1,0.9,28226,13.47,8
550022,3,3.0,2532,1914,3,1.37,53634,46.8,1
960070,3,1.0,3228,1968,1,1.32,74501,40.84,4
563974,2,2.0,2651,1956,0,1.31,29046,34.74,6
406961,4,3.5,2316,1966,1,0.85,84210,67.36,1
911402,4,2.5,3285,1962,0,0.88,94559,52.12,6
999684,4,4.0,3249,2022,1,0.67,31910,18.78,9
570111,2,3.5,2508,1915,0,1.47,21503,17.8,8
509348,1,2.0,2384,1902,2,0.56,58392,73.51,5
985448,5,2.5,3869,1974,1,1.52,71472,48.23,7
201305,2,2.5,2189,1949,2,1.17,80904,8.32,1
279113,2,1.0,4223,1974,3,1.04,99063,37.33,6
477706,4,1.5,2025,1984,2,0.71,55335,44.79,4
706229,2,2.0,1844,2009,1,0.33,32487,13.8,5
979088,5,1.0,4997,1908,2,0.71,46593,30.98,5
999684,4,2.5,2182,1942,0,0.88,85927,75.75,6
914530,4,2.0,1805,1978,1,0.11,19874,99.71,1
720759,1,1.0,3223,1990,1,0.95,64822,58.03,2
765357,5,3.0,1566,2022,2,1.56,63948,10.31,4
385958,3,3.0,2782,1997,3,1.37,13608,43.05,1
873832,2,2.5,4649,1960,2,0.79,64501,52.83,5
556652,3,2.0,1219,1930,0,1.09,63912,71.96,7
762995,1,3.0,840,1942,1,0.76,37546,72.64,9
386946,4,3.0,1632,1941,2,1.14,78203,88.6,5
999684,1,2.5,3418,1986,2,1.89,72496,49.28,9
999684,1,1.5,3688,1972,1,1.58,65186,49.83,5
615366,1,2.5,1735,1915,2,1.34,52346,0.19,2
999684,5,3.5,4594,1947,0,0.79,15230,20.16,5
999684,2,2.0,4363,1994,0,1.46,35720,10.1,5
775160,5,4.0,4997,1975,2,0.15,53023,25.12,6
898813,2,2.0,2411,1983,0,0.92,47602,16.16,6
699244,1,2.5,840,1976,2,1.38,77082,18.11,6
795203,1,2.0,1367,2021,0,1.46,25050,80.68,8
518623,5,2.5,3269,1971,3,1.42,61315,0.19,4
793922,3,1.0,2754,1949,1,1.22,62164,43.61,7
884295,2,2.0,2480,1930,1,0.95,40134,74.2,6
999684,3,1.5,4397,1971,2,1.35,25640,40.64,5
999684,4,2.5,4941,1902,1,0.55,96364,87.53,5
999684,5,3.5,3574,1956,2,0.6,71671,32.06,2
524559,5,3.0,4997,1955,2,1.09,24284,99.71,4
999684,2,1.0,3131,1913,3,1.15,70526,4.16,5
720529,1,4.0,2423,1929,2,0.11,13423,87.58,3
999684,2,2.5,3786,1992,1,1.31,38577,23.57,1
458045,3,2.0,3149,1971,1,1.48,68900,90.92,4
522495,2,2.5,4649,1966,3,1.02,94606,35.84,4
435024,2,2.5,988,1974,3,2.0,77868,81.12,2
148695,3,2.0,2448,1966,0,0.69,16066,85.99,2
583483,3,2.5,2912,2007,2,0.87,93576,32.68,1
513382,3,2.0,3587,1967,1,0.85,67888,78.74,6
896436,2,2.0,4217,1910,1,1.02,18583,48.51,8
999684,3,2.0,3033,2021,0,0.88,48057,7.21,5
999684,2,1.0,1008,1976,1,0.3,32604,63.95,4
999684,4,2.5,4426,1941,3,0.76,36564,20.05,1
548485,4,3.0,4321,1917,2,1.01,71429,30.52,1
380557,1,3.0,840,1977,0,1.72,98393,23.62,5
967525,2,3.0,2700,1958,3,2.0,38941,60.21,7
246352,1,2.5,840,2019,3,1.78,65511,20.95,3
999684,2,2.0,1912,1950,1,0.64,47962,14.01,8
999684,3,3.0,1985,1932,2,0.68,48573,19.28,3
697185,1,1.5,3312,1995,1,0.97,35692,28.89,8
167123,2,1.5,2844,1996,1,2.0,68420,63.62,3
999684,2,1.5,1171,1969,3,0.97,92415,75.49,1
844331,3,3.5,4112,1987,1,0.34,45763,75.08,7
999684,3,3.5,1352,1961,0,0.79,92013,48.32,3
162546,2,3.0,3098,1971,1,1.47,55680,47.58,1
558682,3,3.5,2091,2004,1,1.43,16393,44.03,6
730629,2,1.5,2268,1985,3,0.95,43488,62.11,3
754878,3,3.0,3664,1956,2,1.43,31459,81.55,1
784055,5,2.5,4401,2011,1,0.11,22554,44.97,9
999684,5,3.0,4997,1902,3,1.12,47867,64.65,5
368519,1,2.5,2248,2022,2,1.52,88104,13.61,1
676297,4,2.0,3786,1902,1,0.61,55015,73.87,4
847036,4,3.0,2898,1940,3,0.61,15057,55.54,9
973816,1,3.0,2564,1961,2,0.11,93026,19.59,5
999684,4,2.0,3945,1957,2,1.92,15305,80.1,3
411252,5,2.5,3661,1999,2,0.67,71276,13.59,6
155701,1,1.5,840,1924,0,1.19,42740,0.19,4
999684,2,1.0,3100,1972,1,1.39,34118,73.7,4
902332,4,2.5,3855,1942,2,1.88,16674,60.41,3
507454,3,3.0,2251,1973,1,0.98,52331,14.45,7
999684,4,2.5,1888,1960,3,0.77,25316,59.55,6
988840,3,1.0,4823,1966,2,1.15,26217,83.0,9
999684,4,2.0,4007,1943,2,1.75,77541,56.84,6
743414,1,1.0,2073,1944,2,0.97,24602,99.71,9
999684,4,3.5,2064,1973,3,0.54,97181,24.82,7
999684,5,1.5,2798,1996,2,0.23,23987,0.19,4
781783,3,3.5,4616,1941,2,0.4,59915,8.7,5
999684,3,3.5,3227,1931,1,1.53,23543,0.19,9
974733,1,1.5,1690,1985,0,0.89,37944,99.71,9
999684,4,1.5,4029,1961,2,0.73,68241,49.18,9
372416,4,3.0,2449,1992,1,0.67,19144,99.71,2
999684,3,1.5,4853,1930,1,1.11,48459,39.11,1
999684,5,2.5,4997,1902,3,0.93,49827,23.26,3
163038,2,2.0,2148,1943,0,0.91,40741,0.19,6
299787,4,1.0,2670,1935,1,1.79,80015,37.9,3
136305,1,1.0,840,1960,3,1.89,79734,73.62,5
562217,3,2.5,1295,1940,2,0.19,84627,42.85,4
941053,3,2.0,1465,1989,1,1.24,79741,3.33,1
999684,3,2.0,3224,1952,2,0.64,79177,68.12,6
757677,2,3.0,2315,1968,2,0.93,13543,73.47,5
999684,3,3.5,1458,1968,0,1.23,15591,34.07,9
267301,4,2.0,3085,1970,1,0.95,66395,30.46,6
187662,2,2.0,3307,1962,3,1.18,70434,0.19,7
743127,1,3.0,2976,1981,1,1.42,39055,67.4,3
814770,5,1.5,1566,1934,1,1.22,16116,36.01,6
945807,5,2.5,3625,2013,1,0.71,65485,0.19,7
148951,1,3.0,840,1954,1,0.72,76297,6.56,7
754301,4,3.0,4496,1915,1,0.28,12407,65.51,4
308015,2,1.0,3640,1969,2,0.6,41594,39.48,6
976376,3,2.0,1991,1932,2,2.0,76421,16.63,7
939570,3,1.5,2149,1986,2,0.63,45411,50.87,8
445536,3,2.5,2512,2022,0,0.42,86661,25.14,4
448575,2,3.0,840,1934,1,1.23,97030,30.81,2
376102,2,4.0,3105,1974,1,1.0,65444,41.56,3
626514,2,2.0,2379,1902,2,0.95,97581,97.85,5
999684,2,2.0,3862,1979,1,1.82,97983,97.71,5
376678,3,3.5,1752,1931,3,1.36,36238,0.19,7
899799,2,2.5,1966,1940,3,0.77,51703,47.46,7
470326,4,3.5,1623,1923,0,0.83,45196,7.51,1
487653,5,2.5,2580,1989,1,0.79,87221,18.71,4
722497,2,1.5,1294,1999,1,1.53,22738,0.19,6
458034,3,1.5,4251,1963,3,0.89,25772,24.34,8
543903,4,1.0,2587,1931,1,0.11,75270,14.97,5
382309,4,3.0,3569,2020,3,1.03,86169,78.85,9
999684,3,3.5,2608,1935,0,0.23,33492,25.08,7
705457,4,4.0,1906,1902,0,2.0,64979,0.19,6
537701,4,3.0,3220,1979,1,0.54,60338,49.24,5
823541,1,3.5,3061,1923,1,0.97,74551,44.23,5
735959,4,2.0,1980,1998,1,1.2,46855,41.73,6
748541,4,1.5,4386,1949,1,0.9,16228,66.88,5
960573,2,3.0,1691,1984,1,0.9,78367,84.79,8
999684,3,3.0,2486,2013,3,1.29,30045,41.31,7
614247,4,2.5,4054,1919,3,1.88,93668,56.97,8
490564,3,3.0,2271,1942,3,1.47,86591,42.04,2
673636,5,2.5,3823,1960,2,1.86,34318,63.9,2
200392,5,3.5,3403,2018,2,0.49,68458,7.01,6
188803,2,3.5,2859,1939,1,1.23,23795,67.09,5
999684,1,3.0,840,1941,0,1.14,95184,57.47,6
999684,3,3.0,880,1980,2,1.25,64524,21.7,2
645610,4,3.0,4155,1942,0,1.8,97694,99.71,1
999684,3,2.0,4300,1968,0,0.94,31747,10.18,6
773266,5,3.0,2692,1907,3,0.84,98770,58.81,3
999684,1,1.0,2055,2022,3,1.35,57373,21.76,7
999684,4,3.5,3772,1914,2,0.11,41560,65.96,3
692261,2,1.5,3532,1951,3,0.93,21282,99.71,3
335478,5,2.5,1566,1961,1,0.99,43831,71.65,1
190376,5,1.5,2721,2022,0,0.56,73073,45.98,8
763527,2,3.0,2308,1915,2,1.63,33043,76.05,7
530785,2,2.5,3543,2022,2,0.49,75322,32.32,1
262831,4,1.0,4997,1990,2,0.99,62900,63.4,1
513367,2,3.0,2432,1978,1,1.22,30929,51.85,4
330364,3,2.0,1384,1927,3,1.79,45500,14.29,8
999684,3,3.0,3542,1983,0,1.05,11872,98.51,4
999684,1,2.5,3922,1936,1,1.57,47488,85.13,5
914013,3,3.0,3191,2008,0,1.44,77505,24.67,8
999684,2,1.5,1623,1928,2,1.13,35460,78.85,2
860797,2,2.0,3847,1958,0,0.47,22155,15.42,3
497142,5,2.0,4570,1943,1,0.29,21870,62.65,6
999684,1,3.0,1122,1927,1,1.12,13717,50.69,4
999684,4,4.0,3876,1989,1,0.77,11374,97.64,3
447577,3,2.0,4252,1982,0,1.56,31826,58.88,7
899037,3,3.5,4472,2006,2,1.46,84215,4.83,6
420247,4,1.0,3341,1902,3,0.96,23427,78.66,7
262502,3,1.5,2635,2001,2,0.43,74442,36.64,5
999684,4,1.5,4885,2022,3,1.34,99100,35.28,1
999684,4,1.5,1977,1946,3,0.51,44708,50.16,5
263200,2,1.0,3228,2022,2,0.65,34271,32.77,2
739888,2,3.0,1070,1953,2,0.53,73572,99.71,1
498331,1,2.5,3617,1913,2,0.99,26631,72.5,4
576409,2,3.0,2397,1951,2,1.69,29887,16.39,5
744310,5,3.0,4997,2000,1,1.06,35259,28.37,9
469588,5,2.5,4365,1932,0,0.82,67987,11.62,2
651406,1,3.0,887,1941,2,0.24,59630,77.18,7
484724,1,2.5,4046,1984,0,1.36,29144,47.39,1
999684,4,1.5,4997,1963,0,0.64,88191,21.2,8
815682,4,3.5,4473,1984,2,1.12,59060,94.57,3
653650,4,2.0,2512,1971,1,0.87,65092,63.86,4
426415,3,1.5,2697,1980,0,1.51,30836,54.66,4
577333,3,2.5,3236,1947,2,0.98,76904,53.3,7
986629,3,1.5,2223,1971,3,1.03,54456,10.22,1
999684,3,2.0,4997,1929,0,1.32,46380,65.42,5
410519,1,3.0,2519,2009,3,2.0,87735,37.26,3
688121,3,3.0,850,1940,0,1.54,21569,74.39,9
999684,2,1.5,3109,2003,3,1.01,41182,67.72,2
151247,3,2.0,2647,1954,1,1.06,88651,47.56,1
999684,5,3.5,3689,1970,2,0.78,31649,45.53,9
500040,4,3.0,2981,1945,0,0.55,93731,97.08,6
999684,3,4.0,4025,1926,1,0.76,37003,10.83,3
516501,4,3.5,4756,1902,2,0.64,26551,32.81,5
158208,4,3.5,3758,1925,1,1.41,33826,82.04,3
148512,4,1.0,3016,1951,1,0.48,34729,92.08,1
839886,4,3.0,3371,1970,0,1.78,61696,45.35,5
999684,5,2.5,3802,1999,3,1.47,13868,29.19,5
384692,1,2.0,1389,1946,2,1.07,51274,29.77,6
999684,4,2.5,4111,1931,3,1.06,48718,8.02,3
146189,2,3.5,3253,1911,1,0.76,42353,99.71,3
891616,4,3.0,4997,1980,1,1.21,51682,45.06,4
351061,2,1.5,4202,2012,2,1.65,40653,62.7,2
540151,2,3.0,1886,2008,0,0.68,24141,63.0,8
896820,3,2.0,4041,1988,0,0.23,21537,92.04,7
439699,4,2.5,2286,1985,3,1.44,40401,37.25,4
797710,4,2.0,4251,2022,0,1.24,37387,39.28,7
993000,1,2.5,1730,1974,0,0.46,91690,73.24,2
544286,3,3.0,1842,1986,3,0.66,16630,0.19,4
999684,2,1.5,3039,1951,0,0.6,53461,92.23,9
264053,1,4.0,840,1913,2,0.67,90314,99.36,7
807131,3,1.0,974,1938,2,0.89,54293,56.4,6
999684,3,2.0,2851,1962,0,0.92,33070,22.32,4
177429,5,3.0,3877,1965,1,0.71,23416,73.88,5
486574,4,3.0,2980,2022,2,0.65,18629,43.82,1
819323,1,2.5,840,1965,2,0.94,73444,53.41,4
683796,2,2.5,1729,2005,3,1.15,18360,55.61,6
987846,4,3.0,3887,1947,1,0.89,22011,30.37,5
600674,5,2.5,4473,1951,2,1.69,50721,59.32,5
721695,1,3.5,2327,1915,1,1.33,46069,7.19,3
744003,1,3.0,3727,1936,0,0.2,63270,0.19,3
999684,5,3.0,4253,1981,0,1.34,21227,59.81,2
811698,4,1.5,2529,1963,0,1.39,49587,79.37,4
958455,2,2.5,2370,1996,3,0.83,71720,34.54,7
558174,4,2.0,1747,1969,0,0.25,54550,32.92,3
539580,1,1.5,2217,1950,2,1.06,78305,67.96,5
749165,3,3.0,4389,2022,1,1.06,86028,48.72,5
999684,3,2.0,3880,1959,1,0.45,63651,33.02,8
760895,4,3.0,4997,2004,3,0.28,61332,58.11,5
749697,1,1.5,1985,1948,1,1.01,78881,49.5,1
999684,3,4.0,4668,1988,2,0.93,78201,13.35,9
999684,2,1.5,2474,1996,2,0.83,34807,46.19,8
772949,3,2.5,4818,1970,1,1.01,53552,54.59,6
999684,2,3.0,2678,1902,3,0.46,87902,33.95,4
627906,2,2.0,3548,1963,0,0.83,84861,75.97,4
185087,2,3.0,4464,2007,3,1.35,80976,63.24,1
409914,4,1.5,3190,1981,2,0.87,67300,41.34,4
185329,4,3.5,3681,1979,1,0.16,36951,53.17,6
672260,3,2.5,4600,1902,3,0.8,30264,38.48,5
813453,3,2.0,2904,1937,0,0.48,29121,42.86,9
999684,1,2.0,840,1977,1,1.2,94351,43.92,7
999684,3,3.0,4997,1977,0,1.23,60539,0.19,8
741624,3,2.0,2502,2006,2,0.16,40311,50.11,7
999684,5,2.0,3968,1957,0,1.47,52397,58.49,6
177129,1,2.5,3726,1977,2,0.46,29749,99.71,6
808842,5,1.5,3053,1963,1,1.9,39218,61.98,1
960250,4,4.0,2218,1927,1,1.03,91069,30.52,4
195880,3,2.0,3365,1902,2,0.39,61591,2.08,1
999684,5,3.0,1639,1978,1,0.44,54133,18.91,2
992226,4,2.5,3077,1969,0,1.25,54867,34.95,8
612712,4,1.5,3713,1940,3,0.85,11316,35.46,2
875884,3,2.5,2740,1904,1,1.01,47972,42.48,2
999684,5,3.0,1937,1985,0,1.93,96924,37.74,6
983091,5,2.5,4997,1953,1,0.68,89048,42.67,5
921763,2,3.5,2828,1983,0,1.09,76220,37.16,6
768287,1,3.5,4054,2022,2,1.83,87271,49.85,9
432269,3,3.5,2752,1902,2,1.21,52635,23.31,7
912814,2,2.0,1655,1937,2,0.19,61265,13.08,1
491364,3,1.5,3384,1955,1,1.33,60109,42.47,8
902696,5,2.0,3521,2015,1,0.43,58797,61.81,5
496694,2,2.5,1299,1904,1,1.82,18079,17.1,6
999684,3,3.0,4816,2022,1,0.62,70887,32.78,1
888699,3,1.0,2320,1967,2,2.0,32412,45.11,6
963326,4,2.5,1225,1959,2,1.85,45862,44.42,2
633466,1,2.5,3931,1955,2,0.63,94727,70.99,7
580611,2,2.0,2103,1947,2,1.07,24821,76.38,3
420092,3,3.5,2337,2000,2,1.47,83118,55.71,7
473596,5,3.0,1672,1924,2,1.48,84548,84.14,2
999684,2,3.5,4649,1975,2,1.3,43655,38.7,1
838066,1,2.5,840,1949,3,1.74,54688,73.51,4
442840,4,3.5,3490,1935,1,0.99,64576,31.67,6
999684,2,4.0,3793,2022,1,0.86,90066,57.84,2
999684,1,3.5,2850,1978,0,0.87,95913,67.86,6
979457,2,1.5,2633,1985,2,1.52,62236,50.94,7
999684,3,2.0,1032,2003,0,1.26,55221,21.54,2
429844,2,2.0,1738,1911,2,1.22,97189,1.17,6
327887,1,3.0,2571,2022,1,1.49,95916,65.35,7
148448,4,3.0,2481,1902,3,0.11,76092,41.46,5
999684,5,1.5,4021,1935,1,1.23,64445,43.48,5
990437,4,2.5,4234,1946,1,1.18,18900,92.51,1
854349,1,1.0,3495,1983,3,1.96,43485,22.08,6
785954,3,3.5,1600,1970,3,0.23,23891,70.63,5
418812,3,2.0,4997,1956,1,1.9,25014,28.08,6
999684,4,2.5,4336,1962,2,1.1,82083,44.22,9
840657,4,2.0,3418,1927,2,1.32,47964,18.06,5
852430,2,3.5,4004,1909,2,1.96,61171,27.88,6
999684,3,1.0,4997,1989,1,1.36,54739,61.22,9
870265,4,2.5,1704,1987,3,1.28,95799,86.57,5
940138,5,2.5,3510,2020,0,1.19,94856,61.51,3
397679,4,2.0,1208,1934,1,0.8,53374,58.13,6
968589,4,4.0,3650,1987,2,1.04,49459,99.71,3
999684,3,1.5,3498,1952,2,0.67,17045,65.46,8
999684,5,3.0,3732,2005,3,1.04,53255,22.44,6
999684,4,3.0,2640,1999,3,0.11,61965,0.86,3
461815,2,3.5,840,1970,1,1.29,11237,60.24,2
459573,5,2.0,4224,1950,3,0.99,62195,8.83,6
939248,4,2.0,4997,1997,1,0.88,46326,20.49,6
722300,2,3.5,1999,1986,3,1.18,15293,58.05,2
999684,2,3.0,3229,1938,3,0.29,35274,79.26,7
140191,3,1.0,1192,1915,3,2.0,29237,41.09,7
999684,4,2.0,3966,1952,2,1.0,88347,14.6,6
788145,3,3.0,2593,2017,1,0.98,28229,45.1,7
587280,3,3.0,2153,2004,0,0.54,88847,41.49,2
353197,5,2.0,2871,1922,2,1.07,98576,52.71,3
164649,5,1.0,3309,1920,0,1.81,66718,14.7,4
999684,3,3.0,3519,2008,1,1.62,78718,25.22,3
685986,4,1.5,1855,1922,0,1.52,59615,78.79,6
273201,1,1.0,1873,1981,1,1.36,81296,71.24,7
265890,4,1.0,3371,1940,1,0.87,82796,82.83,3
690626,5,3.0,2467,2021,2,0.28,11915,0.19,3
999684,3,2.5,4997,1935,1,0.95,84651,23.81,7
600913,2,2.5,1686,2004,3,0.93,62774,77.85,2
183593,2,3.5,1906,1969,1,1.63,17076,66.37,4
561027,1,3.0,1179,1972,1,1.23,90350,61.05,2
693518,2,4.0,4649,1902,2,1.93,43083,38.89,4
149629,2,1.0,3364,1902,3,1.71,63918,31.47,1
693521,1,2.5,1229,1955,2,0.81,14793,50.25,9
833796,3,1.0,4382,1971,1,0.11,60528,36.41,8
989711,4,2.5,3660,1922,0,1.81,76798,64.52,3
999684,2,2.0,3011,1923,1,1.79,19319,50.39,6
999684,5,3.0,3368,1983,2,0.32,23194,21.36,1
687442,4,2.5,2526,1983,1,1.87,29309,67.6,7
353844,4,3.0,3823,1958,0,1.27,68396,85.43,3
999684,2,3.0,2054,1991,1,1.15,36998,87.35,8
874876,4,4.0,4997,1920,3,1.93,13468,68.71,6
618881,1,2.0,840,1950,3,1.79,22651,69.1,4
993863,4,1.5,4997,2022,1,1.41,30405,15.89,4
875675,3,2.5,2930,1965,2,1.32,24482,29.99,5
756155,4,2.0,3777,1967,0,1.39,14409,44.47,3
653751,1,4.0,3340,2022,3,0.84,76083,66.38,8
502892,2,2.0,1953,1912,2,1.03,95443,32.04,6
953998,4,2.0,4452,1991,3,0.57,33426,40.48,8
475897,2,2.0,840,2022,0,0.88,64757,65.43,1
482249,4,3.0,2562,1951,2,0.86,24436,53.27,5
749303,1,2.5,1244,1993,2,0.72,26490,58.93,6
606985,4,2.0,1925,1927,2,1.13,62136,26.92,5
999684,1,4.0,2090,1938,3,0.89,38962,40.09,5
183892,4,1.5,3881,1976,2,1.33,39288,35.8,4
999684,4,2.5,4259,1991,1,0.18,32236,49.29,9
999684,2,3.0,2992,2003,2,1.0,24923,36.85,6
180983,4,1.0,2626,2019,1,1.13,76786,32.94,5
709598,3,3.0,3503,1960,1,0.89,65891,52.92,8
631522,2,1.5,2853,2005,0,0.97,23264,99.71,4
236731,2,3.0,3821,1950,0,0.2,77147,66.12,2
573366,1,1.5,3273,1995,1,1.25,17928,0.19,8
354361,3,3.0,3099,1970,3,1.41,44558,59.43,4
999684,1,3.5,1276,1979,2,1.33,66369,34.5,9
999684,3,3.0,2284,1978,1,1.62,76403,22.23,9
999684,3,2.5,2407,1905,2,1.17,55213,69.58,1
999210,4,2.5,3044,1922,1,1.32,13816,51.54,5
363303,3,2.0,3382,1966,2,1.14,45916,99.71,8
516176,2,4.0,3558,1902,1,1.43,57838,46.03,1
999684,4,2.0,3360,1992,2,0.21,21573,42.81,6
331694,3,1.5,3082,1994,0,0.58,53334,83.79,7
999684,3,3.0,3233,1974,1,1.92,94475,49.95,5
658543,4,2.0,2805,1922,0,0.11,75364,18.88,5
638395,1,1.5,1243,2012,1,0.98,23157,23.96,8
938975,4,1.0,1326,2022,3,1.69,19322,39.86,1
947775,4,2.0,2591,1968,1,1.01,12482,68.25,7
647394,1,2.5,2911,1981,1,0.84,45867,85.94,6
999684,3,2.5,2224,1970,2,1.13,89211,72.41,9
354204,3,3.5,2779,1982,3,0.87,87271,65.67,3
999684,3,3.0,3619,1958,1,1.08,89386,80.9,9
974940,3,2.5,3684,1961,2,0.69,16732,67.2,1
674931,5,2.5,2491,1995,0,1.66,50753,23.32,4
999684,5,3.0,4968,2022,3,1.83,44422,42.96,2
310008,1,3.5,3691,1912,3,0.99,86964,34.49,7
979181,4,2.5,2073,1959,2,0.31,66284,85.66,3
709588,5,2.0,2796,1920,0,0.78,21311,21.84,8
694237,4,1.5,4841,2020,1,0.96,79269,22.4,1
999684,5,1.0,3603,1941,2,1.33,49579,54.21,4
427213,5,3.0,1566,1911,1,0.52,83878,99.71,9
213546,4,3.0,1751,1985,3,0.64,86000,70.48,3
202768,3,3.0,2765,2022,2,1.34,58514,79.31,8
999684,4,2.5,2033,1986,1,1.57,55311,17.46,7
265135,3,3.5,2569,1970,2,0.72,20300,68.57,2
999684,3,2.0,3101,1977,1,0.34,75375,17.33,6
212952,2,3.5,4449,2013,1,2.0,44563,70.36,9
999684,5,2.5,3432,1931,1,1.48,58960,4.1,4
903861,2,2.0,3984,1958,3,0.92,89244,39.56,3
900248,5,3.0,4997,1946,3,1.53,38090,0.19,6
638948,4,3.0,4997,1920,0,0.99,26328,23.85,5
869432,1,3.0,2686,1951,0,1.53,36654,8.31,1
687492,4,2.5,1208,2002,1,1.15,16214,68.07,5
999684,1,2.5,2896,1983,0,1.11,67740,52.04,4
985351,4,4.0,4671,1986,2,1.0,74949,35.86,5
808452,4,3.5,3324,1968,2,0.28,48913,52.69,1
780700,2,3.0,4649,1981,3,2.0,37552,25.4,6
731568,3,2.5,4088,1934,2,0.55,45377,58.59,1
999684,5,3.5,4456,1951,1,0.33,35734,47.08,7
184780,2,3.0,4001,1969,0,0.95,28610,99.71,8
234597,1,2.5,2744,1972,2,0.54,67607,96.35,1
999684,5,2.0,1566,1974,2,1.03,89158,76.4,9
850476,5,2.5,3183,1958,2,1.43,38875,57.74,5
814099,3,1.0,4491,1949,1,1.6,65082,61.42,8
839671,4,2.5,2457,2022,1,1.5,33226,85.05,8
926049,5,2.0,3512,1995,0,0.89,37677,57.62,1
494496,2,4.0,1458,1977,0,1.09,20298,59.39,3
588948,2,2.5,4649,1954,0,1.28,45848,32.72,9
939019,5,1.5,4997,1946,0,0.11,73654,29.53,2
404602,5,2.5,2724,1958,2,1.37,27744,46.23,6
999684,4,1.5,3596,1973,1,0.27,33434,0.19,3
135360,2,3.0,1893,1902,1,2.0,58001,48.48,3
999684,5,2.5,4512,1906,0,0.84,77262,42.35,5
999434,2,3.5,3313,1940,0,0.96,69633,74.63,9
941596,2,2.0,3673,1970,3,0.64,58917,84.58,7
999684,3,2.5,3458,1954,0,0.72,89804,99.71,2
999684,5,1.5,4997,2016,1,2.0,56745,66.0,6
936661,4,3.0,2194,1909,0,1.57,10907,53.7,1
133417,4,3.0,1380,1935,3,0.22,68602,33.02,1
329823,4,3.0,2952,2017,2,1.87,23764,19.12,6
473282,3,2.5,1192,1967,1,1.7,34409,75.64,7
795180,4,3.0,1640,1994,1,0.91,18390,48.53,9
920203,1,4.0,1152,2022,3,1.23,40172,61.55,6
446270,3,2.0,1962,1938,1,1.05,50542,49.85,5
764832,3,2.5,1924,1959,1,2.0,57324,50.61,4
499524,1,1.5,2965,1953,0,0.63,58196,55.63,7
460732,4,1.5,2817,1902,0,1.14,78901,61.47,2
221952,3,2.5,2848,1951,1,0.83,35836,76.4,3
505629,5,3.5,4845,1994,2,0.29,31663,13.84,2
260289,5,2.0,2864,1982,3,2.0,15951,66.19,4
402235,2,2.5,2389,1985,0,0.42,25175,12.23,3
999684,3,2.0,3499,1949,0,1.18,21027,69.51,3
320615,3,2.0,850,1939,1,0.12,85630,58.54,3
999684,2,2.5,840,2008,2,0.84,98617,47.11,6
999684,3,1.0,3475,1945,1,1.29,22167,48.24,8
902129,2,3.5,3291,1973,1,0.61,84305,53.26,6
481597,1,2.0,4291,1968,2,1.38,33060,80.73,4
999684,4,3.0,3609,2015,1,0.91,76556,78.18,6
642696,4,1.5,4398,1997,3,1.69,87381,74.81,5
781731,2,3.0,2471,1916,2,1.8,20485,10.56,6
999684,4,3.0,3775,1920,1,0.74,83450,65.91,5
977318,2,3.0,4649,1983,3,1.1,18802,0.19,9
999684,3,1.5,850,1960,3,1.16,43314,0.19,5
512114,4,2.5,3914,1946,3,1.39,58298,81.68,4
947107,3,1.5,4997,1999,0,1.07,29565,7.66,3
999684,4,2.0,3757,1969,3,1.16,54233,44.16,8
561511,2,3.5,4649,1964,2,0.93,95907,89.75,2
999684,3,3.0,2312,1991,3,1.12,58384,66.13,9
955766,3,2.5,3024,1949,3,1.76,62485,59.97,1
637008,2,1.5,2744,2019,3,1.41,94660,47.75,8
841199,3,3.0,850,1934,2,1.44,88253,52.94,7
999684,1,2.5,953,1986,3,1.45,72970,31.32,4
941986,2,1.0,1396,2014,3,0.98,47669,35.51,3
189559,3,3.0,4043,1913,2,1.23,36272,51.81,8
572849,3,2.5,4103,1950,0,0.47,21842,56.01,9
735954,3,3.5,3449,2004,1,1.75,74099,44.78,3
943613,3,1.5,4046,2004,2,0.11,12082,0.19,7
999684,4,1.0,3225,1956,2,1.01,63804,94.37,8
947941,4,2.5,4854,1936,0,1.68,36261,76.3,7
279925,2,2.5,2715,1997,0,0.32,96506,43.45,5
904046,1,1.0,2416,2005,1,1.28,19795,77.2,4
906491,1,1.5,2030,1921,2,0.69,55309,39.0,6
897721,2,4.0,3521,1919,3,0.86,71456,58.46,1
999684,2,2.0,2202,1971,3,1.57,30180,0.19,9
999684,2,3.0,3869,1985,3,1.17,73288,56.71,1
773691,1,2.0,996,1952,1,0.11,56335,41.22,3
669490,2,1.0,1393,1987,0,0.53,43268,55.6,4
157224,3,2.5,3883,1937,1,1.59,76551,98.55,2
839232,4,2.0,3315,1902,1,1.3,34489,48.8,2
854043,2,2.0,2163,1947,1,2.0,69398,36.15,9
999684,2,2.5,3766,1965,2,1.97,64470,36.47,9
295159,2,2.5,1980,1953,2,0.88,87402,8.55,9
348590,3,2.5,2824,1921,2,2.0,90808,60.96,7
999684,2,1.5,4374,1902,1,1.07,42161,64.71,9
850627,4,3.0,4997,1944,0,0.54,77635,51.2,4
999684,1,1.0,4222,1995,1,0.72,81922,75.8,4
787268,2,1.0,2368,2008,2,0.11,80874,76.08,5
999684,3,3.0,4531,2005,3,1.93,70361,51.33,9
999684,3,3.0,1930,1933,1,1.92,83836,66.18,7
545937,5,2.5,2697,1921,2,0.51,70766,99.71,9
715146,3,1.0,850,1980,2,0.94,31400,25.65,5
646509,2,2.0,4649,1985,2,1.11,34641,71.58,1
560897,3,2.0,2032,1977,3,0.54,62233,51.82,3
578677,1,1.0,2196,1902,1,0.11,79833,79.43,8
764512,3,2.0,1976,1931,1,0.95,29332,26.48,4
621318,2,3.0,3534,1961,1,0.89,25201,55.09,5
999684,4,3.5,2972,1980,1,0.85,55382,29.75,6
438048,2,2.0,1148,1990,2,1.18,56129,0.19,9
748875,3,3.0,3589,1968,1,1.83,43808,89.75,7
551158,2,1.0,994,1974,2,0.9,88346,36.81,7
999684,5,3.0,2779,1966,1,1.15,83524,25.06,6
725318,3,2.0,850,1987,2,1.45,66625,32.71,3
999684,5,2.5,2080,1974,1,1.36,50327,99.71,6
231401,4,2.0,3633,1965,1,0.73,29579,87.05,9
767870,4,3.5,1208,1953,2,1.11,31483,43.04,6
969336,4,1.5,1653,1965,2,1.36,10503,74.12,4
876389,4,3.0,3418,1980,2,0.45,80880,18.36,4
999684,1,2.0,1698,1972,3,1.74,18947,64.39,9
688853,3,2.5,4997,1976,0,1.83,19533,36.92,4
999684,4,2.5,4997,2011,1,0.67,57576,61.88,5
999684,3,1.5,2027,1972,0,1.16,50916,9.77,2
622033,1,2.5,3011,1939,2,1.41,56923,32.19,4
700185,3,2.5,3956,1994,0,0.77,65162,54.56,6
999684,5,2.5,3066,1913,1,1.32,90729,54.25,4
999684,5,2.5,1994,1924,1,1.15,76917,7.21,5
580868,3,3.0,3048,1975,2,0.27,17012,21.34,2
632742,4,3.5,3214,1981,1,1.31,25213,61.51,4
625802,2,1.5,2185,1918,1,0.47,37563,58.13,9
254418,1,3.0,2874,1949,3,1.57,25212,68.19,5
382149,2,1.5,1809,1941,2,0.7,70188,54.8,6
366755,5,3.0,2404,1945,1,0.97,56576,19.0,3
527110,3,3.0,3193,1996,1,1.8,20711,39.13,5
808311,3,1.0,3523,1988,3,1.33,19515,64.61,4
844711,3,2.5,1659,1962,1,0.48,30193,20.48,8
999684,5,2.0,4886,1943,1,0.51,77667,16.9,8
351913,5,2.0,1666,1914,1,0.74,12424,40.6,8
999684,5,3.5,3089,2014,1,1.27,54344,57.14,5
796712,3,2.0,2755,1984,1,1.25,73092,0.19,9
724594,3,2.0,2303,1937,0,0.6,97359,42.34,7
889895,1,2.5,1672,1988,0,0.43,69595,64.25,1
426960,5,3.0,4997,1960,1,1.21,64626,69.92,9
817513,1,2.5,1331,1952,2,0.96,19200,20.42,5
999684,3,3.5,4997,1978,1,2.0,60469,60.03,8
853333,1,3.0,2868,1936,1,1.08,33031,77.93,2
851954,2,1.0,2814,1950,3,2.0,13216,66.79,5
999684,2,2.0,3273,1967,3,0.43,55594,37.46,7
632850,2,2.0,4649,1945,1,0.21,10016,0.19,6
527951,2,3.0,1519,1987,1,0.46,36378,55.35,5
459913,2,1.0,1368,2022,1,1.7,41734,94.77,1
496491,4,4.0,2520,1935,2,2.0,88886,73.04,3
433255,1,3.0,2385,1903,1,0.64,24450,71.04,2
879273,3,2.5,1004,1902,1,0.81,11473,54.17,1
999684,5,3.5,3805,1957,1,0.43,35525,75.14,3
654218,2,4.0,4649,1939,1,0.11,38572,58.05,9
512769,2,3.0,2885,1970,2,1.45,52028,0.19,8
895254,3,3.5,2713,1967,0,1.18,47079,74.99,3
527286,5,2.5,3041,1905,3,1.07,68967,24.53,4
999401,3,2.5,4134,1902,1,0.3,62047,51.26,4
798320,2,2.0,1719,1973,1,1.95,40110,70.6,7
243825,4,1.5,4997,1967,0,0.79,11946,27.75,6
999684,1,2.0,4291,1947,1,1.35,31943,20.95,3
999684,4,1.5,3727,1903,1,0.27,25740,63.06,4
630112,4,2.5,3407,1979,1,0.96,84712,17.26,8
805981,3,1.0,4292,2008,3,1.22,54651,43.77,9
918881,2,2.5,4011,1973,2,1.24,47269,81.81,3
749252,2,2.5,1743,1932,1,1.14,87154,96.15,5
999684,4,2.5,2792,1964,1,1.33,48682,0.19,5
999684,5,2.0,2201,1913,2,0.45,34601,43.02,5
782303,2,4.0,3193,2001,3,1.17,42850,85.88,8
531559,4,3.5,4216,1965,2,1.12,51132,37.86,5
199707,1,1.5,840,1902,2,1.19,60150,72.12,9
474952,2,2.5,2161,1952,2,1.1,15804,74.29,8
681203,3,2.0,1455,1979,3,0.37,95061,31.73,3
999684,2,1.5,1632,1951,0,0.35,62034,61.66,5
555230,2,1.5,3362,1953,2,0.11,55061,63.41,2
705754,2,3.0,1829,1918,3,1.5,37419,75.52,4
847606,3,2.0,2704,1983,0,1.51,33746,2.53,7
999684,3,3.5,1121,1939,1,1.52,88348,86.54,6
999684,1,3.5,2570,1902,1,1.23,77581,69.09,9
524456,1,3.5,2294,1949,1,0.11,35336,16.78,2
572247,2,1.5,1835,1998,1,0.51,55952,45.64,5
999684,4,3.0,3195,1949,2,1.15,57143,73.44,4
999684,1,3.0,2562,2022,2,1.13,97204,18.31,4
999684,2,2.0,1732,1978,3,0.94,69379,22.7,5
829996,2,2.0,943,1975,1,1.26,44320,49.86,3
792782,5,4.0,4997,1958,1,1.07,46516,36.76,8
981919,2,2.5,1949,1960,3,1.13,69789,56.54,9
999684,4,3.0,3305,1953,2,0.71,81114,73.01,1
999684,3,1.5,4268,1952,2,1.59,71240,57.16,9
999684,1,1.5,4291,1982,2,0.83,51798,49.02,9
999684,4,2.0,1936,1929,1,0.34,96615,73.14,6
999684,3,2.5,3599,1924,2,0.64,65920,46.3,3
999684,4,1.5,2576,1922,1,0.87,76473,27.85,4
999684,5,2.5,3136,2022,2,1.6,75326,82.58,4
695096,1,1.0,1487,1982,0,1.04,83131,0.19,6
800867,5,1.5,2436,1973,1,0.96,10424,51.16,4
999684,3,3.0,3013,1924,1,0.39,73874,38.86,5
416281,3,3.0,1303,1985,1,1.48,13051,22.75,3
982436,3,2.0,4192,1958,0,0.71,69481,57.92,4
610193,2,1.5,2770,1970,1,1.01,73872,62.56,4
783291,2,1.5,3208,1927,0,1.86,87774,25.45,5
999684,3,2.0,2506,1968,2,1.33,37786,9.13,1
779253,1,3.0,1908,1947,1,0.18,78230,11.72,4
776993,4,3.5,3764,1935,0,0.11,79131,99.71,5
227844,2,2.0,1316,1989,1,1.03,11267,99.71,6
959624,1,1.5,1919,1907,2,0.41,75957,50.17,9
989613,2,2.5,1679,1983,1,1.41,72645,9.83,5
999684,5,1.5,2716,1987,1,1.08,29650,45.14,2
550180,2,2.0,840,1931,1,1.15,17017,0.19,5
899798,3,3.5,4660,1933,2,0.68,19849,58.38,3
785795,2,3.0,1885,1954,0,2.0,99049,20.7,3
999684,4,2.5,4808,1973,2,2.0,72453,14.48,4
805399,4,1.5,4696,1957,1,0.91,59117,77.47,4
816983,5,2.5,2244,1978,1,1.25,67247,44.88,2
960686,3,3.5,1764,2022,1,1.11,54899,74.24,4
949625,4,2.0,4997,1944,1,0.92,51644,84.07,6
647117,3,3.5,4997,1902,0,0.61,77762,46.75,5
901584,5,3.5,3741,1992,1,0.47,14388,49.17,2
999684,2,4.0,3012,2022,3,0.45,77958,79.79,3
393418,4,2.5,2668,1977,0,1.28,49994,33.81,5
754640,3,3.0,3578,1923,3,0.78,84805,82.56,2
484539,3,3.5,2207,1958,1,0.11,87713,0.19,3
961166,3,3.0,850,1922,2,1.3,87568,39.11,4
173421,3,2.0,1486,1986,0,1.04,82852,54.71,3
549258,3,2.0,3088,1914,1,1.79,12843,14.63,5
799131,3,2.5,1713,1952,1,1.26,38015,59.96,4
999684,5,1.5,3698,1926,0,0.26,79647,54.28,9
688703,4,2.5,2138,1967,1,0.11,55231,28.24,2
576708,4,3.5,2487,1949,1,0.67,97579,27.14,8
999684,2,1.0,3722,1969,3,0.72,56546,24.21,6
253829,2,4.0,3000,1963,0,1.57,61055,4.22,9
169009,4,3.5,3409,1927,2,1.06,59577,95.67,9
999684,4,2.0,4469,1985,2,1.67,45169,43.26,4
630939,5,3.0,4352,1961,0,0.34,51709,10.37,1
414241,2,2.5,4430,1927,2,1.58,39415,45.8,5
999684,3,3.5,2514,2022,1,1.45,25685,56.23,1
866058,1,3.5,1834,1980,0,0.11,25963,25.77,7
493431,2,1.0,1152,1957,2,1.77,39698,38.82,6
295485,4,3.0,2909,2013,0,1.11,72415,86.86,4
999684,2,2.5,3855,2022,0,1.27,66400,15.7,4
999684,4,2.5,4971,1957,2,0.59,65450,32.58,2
873406,3,2.0,4208,1975,1,1.75,96962,0.19,5
999684,3,4.0,922,1927,3,0.42,60711,99.71,2
381539,1,3.5,3639,1957,3,1.51,81571,68.27,5
165107,3,2.0,869,1955,1,1.5,82607,47.89,6
571014,1,1.5,3418,1969,2,0.53,30578,28.65,7
786965,3,2.0,2624,1974,1,2.0,38842,27.21,6
910061,1,3.0,3185,1983,3,1.19,26531,41.57,4
658063,5,2.5,2189,1971,1,1.41,12170,63.6,6
999684,4,3.5,4818,1919,3,0.24,17297,18.7,5
260478,4,3.0,1673,1929,2,2.0,14163,35.99,5
999684,5,3.5,2981,1943,2,0.4,50794,74.0,2
592001,2,2.5,1514,1952,1,1.61,51787,95.65,2
999684,5,1.0,1686,2000,1,0.52,67219,64.97,6
928179,4,2.5,3533,1921,0,0.73,34448,30.25,6
999684,3,3.5,4997,1950,2,1.49,79152,44.86,3
999684,5,2.5,4997,1997,2,1.61,66437,61.19,8
972550,1,3.0,2462,1952,2,0.37,38299,40.93,9
999684,2,2.0,4037,1979,0,1.65,51119,69.81,9
999684,2,1.5,2981,1957,0,1.62,87093,28.3,4
839372,2,2.5,3300,1972,1,0.55,48648,95.77,4
991890,1,2.5,1938,1954,2,1.92,24096,46.8,7
885465,5,2.0,4011,1987,2,0.27,84279,31.15,7
999684,3,2.5,3704,1907,1,0.72,17391,66.35,2
492499,3,1.5,2372,1949,2,1.32,84891,21.13,4
999684,2,3.5,2612,1973,0,0.6,72830,53.58,7
692806,1,2.0,2277,1982,2,1.2,80783,89.67,3
273291,3,3.5,4048,2016,2,1.19,50286,14.3,3
656600,1,4.0,1075,1948,2,0.96,81826,83.62,4
574981,3,2.5,3001,2016,1,1.51,47595,12.15,4
999684,1,1.5,4291,1939,3,0.94,72740,72.94,1
704062,5,1.0,4997,2010,2,1.19,60929,22.07,7
693063,4,1.0,4997,1992,0,1.68,42827,83.63,3
167487,3,1.5,3092,1930,2,1.49,36209,32.73,6
685599,5,3.5,4161,1974,2,1.48,90752,39.06,5
175874,2,2.5,3900,1961,1,0.44,83396,22.3,2
204227,4,3.0,4997,1985,3,1.34,88961,0.19,1
909554,3,1.0,850,1954,2,0.59,23806,16.43,5
966930,3,1.5,1493,1951,0,0.37,35406,0.82,4
999684,5,3.0,4997,2012,2,1.02,44360,0.19,6
424294,4,2.5,3090,1959,1,0.57,90000,57.78,7
671730,3,2.5,2261,1992,2,1.49,48865,93.22,1
599534,1,3.0,850,1954,3,1.5,16458,99.71,4
370540,2,4.0,2042,2022,2,0.11,19151,15.85,8
999684,3,2.5,1389,1938,3,0.61,64869,46.16,9
999684,3,2.5,4997,1940,1,0.27,82024,82.85,1
781374,1,2.5,2320,2017,2,0.81,34541,11.56,8
750731,5,4.0,3709,1946,2,1.31,31803,83.97,2
999684,5,1.0,4480,2020,1,0.93,53183,84.45,7
205443,4,3.0,4569,1995,2,0.74,54776,0.19,4
811549,3,2.5,4191,1957,1,1.76,72323,0.19,7
521801,3,3.0,4343,1902,1,0.11,21170,37.8,4
331332,2,2.0,1952,1962,0,1.73,92966,76.33,1
680202,3,2.5,2707,1966,2,0.77,57284,5.57,4
999684,3,3.0,3980,2005,2,1.02,19260,0.19,7
987750,1,4.0,1717,2020,3,0.78,17636,51.17,4
508882,3,3.0,3056,1938,2,1.89,46108,67.54,2
999684,3,1.5,3538,1991,1,0.4,25941,29.74,2
999684,1,2.0,3283,1990,0,1.07,78971,32.09,3
948367,2,2.0,840,2001,2,1.34,38355,67.36,3
917918,2,1.0,3557,1980,3,0.19,82836,24.27,7
508214,5,2.0,3500,1902,2,0.56,97719,26.44,4
999684,4,3.0,4264,1957,3,0.98,43733,57.3,4
887244,1,1.5,3273,1921,1,0.58,17444,60.52,5
999684,4,3.5,4997,1955,1,0.62,98598,42.87,7
999684,1,3.0,3961,1998,1,0.87,24610,92.06,7
999684,5,2.0,4997,1973,1,1.41,76036,70.91,4
679747,2,2.5,4427,2004,1,0.87,14554,39.22,4
999684,3,4.0,3410,1975,2,1.64,35545,12.16,7
800429,5,3.0,3817,1916,1,0.52,60139,77.86,3
999684,1,2.5,3388,1902,1,0.38,71971,78.87,4
553188,1,2.5,3220,1968,1,2.0,56059,46.47,7
999684,2,2.5,2336,1955,3,0.7,16771,57.29,4
871685,4,2.0,3903,1927,2,0.35,93035,69.51,6
407543,1,1.0,2305,1902,1,0.12,79468,95.47,1
502883,1,4.0,1328,1936,1,1.64,36055,74.86,7
710157,2,2.5,4244,1955,0,0.88,47202,62.13,5
999684,4,3.0,3486,1986,3,0.92,37700,76.09,6
999684,5,2.5,4997,1969,2,0.97,13567,82.46,8
495086,2,2.0,840,2020,0,1.61,77194,57.11,4
612649,2,2.5,2040,1925,2,0.96,52836,75.74,1
999684,5,1.0,3817,1994,3,2.0,36627,29.85,4
999684,1,4.0,3703,1964,2,1.13,48568,79.13,8
999684,2,1.5,3181,1988,3,1.63,30760,30.09,6
786838,3,1.5,3433,1947,2,1.49,39985,20.29,2
817866,4,2.0,2076,2001,0,1.04,89944,45.61,5
948534,2,3.5,1324,1973,2,0.74,50785,10.69,6
396387,3,2.5,3447,1938,2,1.24,45583,32.15,5
561532,1,1.5,840,1962,1,1.34,43738,60.22,5
148104,2,3.5,2070,1954,2,0.75,34204,57.32,3
987799,4,3.0,4018,1980,0,1.15,88821,67.73,3
853896,2,3.0,1533,1920,3,1.73,26643,68.18,6
696546,3,3.0,4978,1961,1,2.0,80561,60.09,6
999684,4,4.0,4881,1977,0,1.52,47126,24.8,5
248630,2,4.0,840,1964,1,2.0,68126,75.9,4
225636,3,2.0,1950,2011,2,0.72,92424,46.16,7
733579,2,4.0,840,1990,2,1.44,55258,56.24,4
999684,3,3.0,2129,1962,1,1.78,44527,52.32,6
999684,4,3.0,4335,1970,1,0.58,33898,94.65,7
584121,3,1.0,2569,1973,0,0.8,89923,14.92,2
999684,2,2.5,3254,1977,1,2.0,66912,39.44,5
551710,3,1.5,1246,1902,3,0.53,56435,64.62,1
783945,4,3.0,4372,1952,2,0.34,13794,49.95,5
970905,1,3.5,1684,1909,2,1.89,79126,35.37,7
999684,5,1.0,3793,2009,3,1.71,24698,0.19,6
178819,2,2.5,2594,1960,1,1.29,22332,41.06,7
999684,4,3.5,1904,1956,1,1.04,19593,59.75,6
999684,5,2.5,2403,1995,3,0.82,68132,64.97,4
541173,1,3.0,3501,1978,3,1.21,21036,44.48,1
888264,2,3.0,3180,1922,0,1.91,89908,54.44,5
999684,3,3.0,4315,1960,2,1.19,63164,16.4,6
805283,2,2.0,3092,1950,2,2.0,29351,60.53,1
569560,5,1.5,3949,1902,2,0.58,68413,49.59,6
417698,2,1.5,840,1938,1,1.05,28059,54.08,5
721387,2,3.0,2382,1956,1,0.86,37188,43.0,4
999684,3,2.5,3030,1958,1,0.47,77852,55.45,6
972989,1,2.5,4291,1909,1,0.98,91795,67.59,4
693826,2,2.0,3524,2004,2,1.29,21829,56.67,4
999684,3,2.0,4895,1959,0,1.34,83673,0.19,2
176910,2,3.5,3417,1964,1,2.0,34502,57.27,6
999684,3,2.0,2214,1977,0,1.31,37204,38.15,2
157311,2,1.5,2844,1934,3,1.68,11265,28.93,3
628890,1,3.0,2628,1979,3,1.1,45751,88.16,6
325475,3,2.5,1942,1949,1,1.97,97821,22.47,5
305423,5,2.5,3320,1930,1,2.0,34315,25.72,9
999684,3,4.0,2817,1983,2,1.35,57457,0.19,7
752262,3,2.5,4978,2016,3,0.52,56875,90.79,7
826744,4,2.5,1208,1989,2,0.76,70359,74.98,7
849025,1,1.5,3785,1996,1,1.21,53420,39.76,4
885058,5,2.5,2661,1944,0,1.31,43379,66.96,4
645387,3,3.0,1426,1905,0,1.44,74102,0.19,2
334575,5,1.0,4997,2016,2,1.31,64664,63.0,1
999684,2,2.5,3578,2022,1,1.06,80960,24.65,8
688110,5,2.5,4997,2018,2,0.72,85475,97.51,3
206838,4,2.5,4376,1950,1,1.28,69469,59.9,7
624380,4,3.5,4997,1921,0,2.0,44396,53.09,1
999684,3,3.0,3729,1924,0,1.61,23176,25.69,5
999684,3,4.0,2876,1902,3,1.35,75036,25.87,8
709157,5,1.5,4188,1959,2,1.62,17907,66.38,6
826564,3,2.5,4546,2020,3,0.86,13372,25.42,6
576447,1,2.5,1417,1957,2,0.79,37572,24.29,4
999684,1,1.5,1569,1973,1,0.66,34592,89.83,3
969850,3,3.5,2694,2012,3,0.99,23102,57.6,5
752279,3,4.0,850,1948,1,0.83,35642,17.76,2
999684,3,2.5,3227,2022,2,1.71,13139,65.2,5
897962,5,3.0,1566,2022,1,0.8,87179,41.29,8
643549,1,2.5,2410,1958,0,0.63,28643,0.19,2
784059,3,2.0,4095,1942,3,2.0,70117,34.95,7
768854,1,1.0,1778,1988,2,0.82,38780,19.13,8
855065,4,2.0,4997,1950,2,1.14,92203,56.68,4
880365,3,1.0,1320,1921,1,1.3,70332,30.45,5
968513,4,4.0,4842,2009,2,0.45,40632,51.94,4
999684,2,2.5,3510,2006,1,1.73,48493,68.5,4
673131,5,2.0,1731,1968,2,1.4,58352,99.71,7
866754,4,3.0,4997,1917,0,1.9,39408,99.71,7
163929,4,1.5,3344,1918,2,0.69,99838,55.75,6
999684,3,2.0,2016,1966,2,1.11,97157,47.81,7
832001,4,2.5,1742,1945,1,1.08,88755,32.19,6
999684,2,3.5,2442,1950,2,1.2,35939,2.02,2
200928,4,3.0,3269,1999,0,0.27,56880,0.19,8
999684,5,2.5,3901,1989,0,1.12,46843,25.06,3
775935,5,2.5,3423,2012,2,0.29,88314,96.46,5
999684,2,3.0,3460,1927,2,1.25,48930,95.47,7
339044,3,2.5,2600,1950,0,0.11,39870,51.38,1
899615,1,1.5,840,1990,2,0.11,97657,62.71,7
381773,4,2.5,3242,1979,1,1.5,68144,31.91,2
524343,4,1.5,1208,2018,1,0.76,68103,48.45,7
999684,1,2.5,2769,1978,0,0.53,50770,26.97,8
653684,1,2.0,1178,2022,1,1.75,40158,26.92,3
866063,3,4.0,3257,1982,3,1.24,98992,66.95,3
999684,3,2.5,4630,2001,2,1.53,57401,31.89,5
783154,1,1.0,1215,1951,1,0.97,22992,63.49,3
893842,4,2.5,4687,1963,1,2.0,35390,45.08,1
899423,3,3.0,2545,1995,2,0.73,55858,90.14,5
999684,3,4.0,4997,2021,2,2.0,26756,65.22,6
729279,2,2.0,2269,1989,1,1.03,31971,56.35,4
851671,4,1.0,2418,1960,3,0.17,17071,8.14,5
999684,5,3.0,4598,2012,3,1.32,56517,35.2,8
999684,2,1.0,2185,1902,2,1.23,94811,47.87,4
999684,2,2.0,1701,1911,2,0.49,16586,50.89,4
999684,4,2.0,2850,1987,2,0.56,29703,68.41,5
327724,2,2.5,2651,1963,2,1.05,86177,55.25,4
999684,3,3.0,4664,1984,3,1.25,46735,19.57,4
311032,4,2.0,1208,1965,3,0.11,76358,66.37,9
894456,1,2.0,2374,1983,0,1.63,49648,36.04,5
529819,5,2.5,4524,1933,0,0.79,22129,30.68,4
884265,3,2.5,3293,1983,1,0.34,91079,17.57,9
999684,2,2.5,4267,1998,3,1.57,46656,39.21,8
999684,3,3.0,2974,2006,0,1.05,39665,33.28,7
952877,3,3.0,2842,2022,2,1.72,23499,82.74,3
999684,1,3.0,3053,1971,2,1.3,85888,41.62,9
956118,5,3.0,3897,1972,3,1.06,29654,64.64,1
597638,3,1.0,2597,1908,2,0.98,85653,0.19,1
999684,4,2.5,4036,1943,0,1.32,96613,70.75,6
999684,4,3.0,2642,1956,0,0.84,79529,67.79,4
284028,1,3.0,1617,2000,0,0.6,28982,7.41,1
988940,4,2.0,2791,1941,1,1.39,91848,24.22,5
999684,3,2.0,4677,1991,1,0.98,89874,30.23,5
577488,4,2.0,1208,1962,0,1.08,40173,43.48,5
999684,1,3.0,2818,1956,3,1.65,47525,29.03,6
734614,3,3.5,3103,1971,0,1.0,37328,42.27,4
662707,2,2.0,840,1948,3,1.07,21360,68.14,5
809955,4,3.5,3790,1947,3,0.74,32625,33.25,9
809029,4,2.5,3988,1902,3,1.29,54894,57.88,8
367962,2,2.5,3408,1954,1,1.25,26471,54.37,5
201171,2,2.5,840,1945,2,1.55,49883,0.19,7
999684,3,3.0,4693,1944,0,0.75,12703,26.06,7
399588,2,2.5,1824,1978,3,0.81,86687,77.7,3
478265,4,4.0,4240,1986,1,1.49,61570,23.56,6
187922,2,1.5,3589,1971,1,1.2,79683,18.49,6
493664,1,3.0,1301,1998,0,0.57,75524,79.14,7
283590,2,2.0,3492,1983,0,1.77,44515,53.74,3
999684,1,1.5,1887,1952,0,0.14,83768,91.27,5
926354,1,2.5,840,1946,3,1.48,25151,35.94,3
551123,1,2.5,3740,1974,1,0.38,85866,83.93,6
999684,3,4.0,2138,1983,1,2.0,59190,23.73,3
999684,5,2.5,2759,2013,2,0.23,86812,0.19,4
666410,3,1.5,2582,2005,3,1.68,66195,68.7,5
156328,2,2.5,3029,1943,3,1.02,74108,65.82,3
999684,4,1.0,3352,1959,0,0.86,28535,68.69,1
281994,2,2.5,3358,1987,0,1.16,53050,43.37,8
140807,2,2.5,1106,2001,3,1.4,42976,91.55,3
986921,1,3.0,1461,1996,3,0.57,10599,74.24,1
999684,1,3.5,2208,1960,2,0.62,67948,73.07,2
999684,2,2.0,4649,1917,0,1.41,69867,52.82,5
999684,3,2.5,2927,1927,3,0.14,13709,10.54,9
999684,3,2.0,4357,1972,1,0.74,34110,51.27,5
999684,2,1.5,2750,1975,1,2.0,59365,59.67,7
881424,2,2.5,2127,1923,3,0.54,15723,99.71,4
913403,4,1.5,3126,1964,2,1.68,65704,56.98,6
818144,1,2.0,2146,1985,0,0.74,37394,19.2,5
794727,4,1.5,4141,1921,1,1.33,74120,62.77,7
530928,2,3.0,4344,2002,2,1.41,20316,85.52,2
638647,2,4.0,3134,1949,2,1.67,32622,98.51,5
195761,1,1.5,3763,2008,2,0.95,34844,46.24,6
656357,2,1.0,1554,1943,3,2.0,61560,43.57,6
373777,4,2.5,2926,1926,1,0.74,69921,8.69,2
338172,4,2.5,2556,1946,2,1.19,31162,31.95,4
924077,4,2.5,3796,1959,0,1.19,38833,61.78,7
999684,4,2.0,2992,1949,1,0.45,27206,5.45,6
999684,1,2.5,3217,1955,2,0.91,61747,99.71,9
161695,2,3.0,1594,1975,1,1.15,85827,39.05,4
363540,2,3.5,2756,1956,1,0.83,87195,52.79,1
999684,5,1.0,4598,1960,0,2.0,65387,59.17,4
275623,1,2.0,840,1902,3,0.61,35226,81.83,1
849995,4,2.5,4997,1977,2,1.7,16500,57.0,7
999684,4,1.5,3083,1959,2,1.52,11634,18.57,5
398986,5,4.0,1566,2020,0,1.05,24059,61.46,6
779226,2,2.0,2893,1929,1,0.59,80350,81.77,7
275370,4,2.5,3460,1902,1,0.65,14076,23.56,8
548852,5,3.0,3681,1985,1,0.78,48210,72.35,1
915222,2,2.0,3887,1975,1,0.11,35931,56.64,1
158869,1,1.0,3238,1926,1,0.52,42007,52.06,3
853620,1,2.0,2702,1907,2,0.26,32744,30.89,4
928604,4,3.5,3958,2018,0,1.79,40396,42.92,6
995402,1,2.0,2222,2013,3,1.39,98619,61.95,5
921718,2,1.5,4649,1902,2,1.48,59954,37.11,6
999684,4,3.5,1656,1946,1,1.38,76038,21.13,1
917724,3,2.0,3229,2022,3,1.15,22756,19.95,3
611451,4,2.0,3498,1945,0,1.85,89798,57.41,4
864955,3,2.5,4033,1945,1,0.73,20605,63.41,5
945737,5,3.0,2772,1952,1,1.12,32416,47.37,4
604993,2,4.0,840,1922,3,1.46,66558,99.71,6
715348,2,3.0,2892,1902,1,0.35,47487,0.36,2
530481,2,3.5,3040,2000,2,2.0,12870,60.25,4
594129,4,2.0,4997,1902,1,1.08,14758,0.19,6
230910,4,1.5,1905,1971,2,1.14,48736,46.33,6
999684,4,2.5,4798,1994,3,1.74,87195,56.52,4
322277,5,2.5,4997,1910,3,1.55,75138,44.24,4
461494,1,1.5,1896,1929,1,1.08,60250,0.19,4
501345,5,2.5,2238,2006,2,1.13,50558,46.58,4
999684,5,3.0,3293,1982,2,0.25,63092,49.4,4
643137,4,3.0,3437,1940,2,0.76,85121,75.16,4
999684,5,3.0,4451,2006,3,1.34,65604,8.24,6
488132,1,2.5,1641,2006,3,1.3,47039,90.81,6
999684,2,2.0,4560,1972,1,1.72,79859,0.19,2
424852,2,2.0,1375,1930,2,0.99,58745,12.01,9
999684,4,1.5,1346,1948,1,0.31,15461,54.39,4
353556,1,4.0,3667,1973,0,1.63,50831,58.26,6
697188,4,2.5,1208,1956,1,1.84,61137,92.85,2
999684,5,2.5,3535,1996,1,1.55,44030,54.88,9
999684,4,1.5,4997,1907,0,0.97,15731,46.4,7
661657,3,4.0,3048,1909,2,1.62,31500,62.12,6
676047,2,1.5,1367,1969,0,2.0,85439,0.19,5
724712,2,2.0,2636,1945,3,1.12,43117,20.31,1
821504,5,3.0,3718,1940,3,0.35,41174,15.48,9
999684,4,3.0,3612,1902,1,0.74,43208,76.73,7
999684,3,3.5,3853,1963,2,1.4,94728,86.75,4
483650,2,4.0,1465,1961,2,0.19,89435,99.71,6
274240,1,3.0,4291,1986,1,1.15,94482,65.72,2
664389,1,1.5,2639,1965,2,1.27,78688,75.0,1
999684,5,2.0,4646,1958,1,1.89,35960,52.02,5
439797,1,2.5,1597,2005,1,1.77,20247,34.94,3
999684,3,4.0,4597,1915,2,1.53,36038,18.24,4
999684,4,1.0,3114,1982,0,0.11,37770,15.66,5
497737,1,3.5,2678,1902,2,1.56,82485,9.84,2
859969,3,2.5,1949,1932,2,1.44,74654,70.37,5
999684,4,3.0,2231,1919,2,1.2,77741,37.52,2
765821,3,2.5,3884,1991,1,0.13,67773,28.49,8
751649,5,1.5,3249,1960,3,0.64,93391,0.19,5
515491,1,3.0,1328,1962,1,0.43,62633,23.03,7
347776,5,3.0,3011,1923,2,0.11,29564,41.05,1
608393,3,3.5,3896,1952,3,1.06,88669,5.09,7
297973,4,2.5,2670,1935,1,0.63,28114,99.71,9
863386,4,2.0,3280,1976,2,2.0,42803,10.73,5
445262,2,1.0,2722,1927,1,0.97,69341,82.5,6
766336,3,3.0,850,2010,3,1.76,33545,45.85,4
144345,1,3.0,840,1902,1,0.21,72759,33.01,6
999684,4,1.5,3822,1933,3,0.77,86488,42.14,9
999684,3,2.0,2183,2022,1,1.11,78071,49.72,9
189426,4,2.0,4681,1947,1,0.57,63866,55.84,6
968457,5,1.0,4932,1915,2,0.83,80499,21.05,2
999684,4,1.5,4278,1970,1,0.94,88243,65.42,7
343859,3,1.5,4997,1945,2,0.93,73153,41.28,2
999684,2,2.0,2605,1932,0,2.0,22860,10.99,3
918381,2,2.0,3479,1923,2,1.26,89783,37.0,4
579101,5,1.0,3081,2022,1,1.32,92946,90.19,9
927527,5,4.0,4997,1953,0,1.35,27670,55.64,9
999684,3,3.5,4997,1902,1,1.39,94766,49.45,8
926611,3,2.0,3077,2016,1,1.02,51280,37.87,7
999684,2,2.5,3166,1984,1,0.89,99694,40.13,3
483507,5,3.0,4997,1935,0,1.15,71439,55.66,6
886752,4,3.5,3245,1929,2,1.68,89423,41.68,9
250502,5,1.5,2995,1987,3,1.67,45061,62.39,6
809594,2,3.5,3747,1954,2,0.93,60764,58.63,8
375161,2,2.0,2798,1902,2,1.47,33810,14.97,1
570262,3,1.5,3281,2022,3,0.95,55588,64.52,7
999684,4,3.0,2425,1947,3,1.08,25933,21.84,2
999684,3,3.5,1013,2016,3,0.8,40034,20.65,5
999684,2,4.0,2986,2009,1,0.96,11947,48.59,9
389232,4,1.5,4500,1926,1,1.78,29715,56.75,6
721565,4,3.0,3151,2000,2,1.11,40956,67.02,7
999684,2,2.0,4418,1939,2,1.13,97180,0.19,5
690720,5,3.0,2939,1902,2,0.28,90846,72.04,1
999684,5,1.0,2520,1947,3,0.89,97986,61.2,3
999684,3,1.5,2982,1977,2,0.93,26303,28.42,7
855249,3,2.0,2964,1946,2,0.61,34031,42.52,6
770488,4,2.5,4339,1951,0,1.07,97389,55.02,9
840345,2,2.0,1780,2004,3,0.83,27977,0.19,5
827403,3,3.0,4695,1966,1,1.1,52707,13.3,3
999684,1,3.5,4291,1932,1,1.13,24465,82.75,5
999684,4,3.0,3374,1988,1,0.54,85761,31.98,8
485138,1,4.0,3837,1970,1,0.84,26640,46.85,1
242763,5,3.0,2518,1902,1,1.1,41535,45.96,6
173523,2,1.5,3987,1978,1,1.7,49280,69.89,2
999684,3,3.5,4312,1977,0,1.2,12991,37.61,6
398221,2,2.0,3735,1963,1,0.7,27801,40.05,7
183386,3,3.5,3044,1995,3,1.28,99680,54.81,7
832959,5,4.0,1566,1938,2,1.98,17965,73.7,9
999684,1,3.0,1581,1975,3,1.56,23730,82.81,6
736501,5,1.0,3032,1906,3,1.36,39553,40.14,6
999684,3,1.5,1895,1977,3,1.45,18301,35.19,7
827623,1,3.5,2492,2022,0,1.84,28936,45.11,3
618285,1,2.5,1847,1927,0,1.64,24155,87.76,5
977479,5,2.5,2795,1935,1,1.37,96653,71.73,1
584361,2,3.0,1441,1937,1,1.64,58848,35.51,6
764386,1,3.0,1493,1967,1,0.48,12042,2.85,1
995467,5,2.5,4997,1924,1,0.25,28565,81.19,7
526079,3,2.5,2274,1978,2,1.14,57602,84.42,9
999684,2,2.0,2090,1993,2,1.1,47260,17.34,6
744267,3,3.0,2518,1982,1,0.77,46326,36.5,7
451639,1,3.0,2751,1902,0,1.51,52581,74.56,8
999684,5,2.0,4323,1998,0,0.11,13658,60.43,4
405356,5,3.5,1566,1996,1,0.77,91855,0.19,2
969210,4,2.5,4639,1992,1,0.8,94614,16.84,5
864519,3,1.5,4776,1976,0,0.18,47548,66.06,3
999684,5,2.0,2526,1970,1,1.87,29668,56.49,5
932321,3,1.5,1903,2000,0,0.33,50285,68.49,6
735556,1,2.0,1809,2022,1,0.74,32546,71.79,4
961209,4,3.5,2519,1928,0,1.55,47874,56.28,3
999684,5,2.0,4046,2001,1,1.41,61318,61.42,1
836371,1,2.5,840,1959,0,0.46,47165,32.92,5
667953,2,2.0,1371,1958,1,1.43,72970,52.61,4
289307,4,2.0,4997,1907,1,1.22,66820,58.34,4
333476,3,1.0,1955,1952,3,2.0,55411,98.43,7
756405,2,2.5,4188,1927,2,1.28,90358,25.58,9
566132,5,2.5,4202,1946,1,0.98,95312,70.16,4
609023,5,3.0,1620,1923,1,0.6,85998,45.99,6
835232,3,2.5,3820,1946,2,0.66,46479,70.76,6
985880,2,1.5,2564,1948,2,0.61,49906,45.85,8
643638,1,3.5,1803,1966,2,1.8,83198,83.22,3
897567,3,2.5,3355,1904,3,1.07,82940,27.94,3
793477,5,2.5,4345,1910,2,1.37,52605,53.41,3
174652,4,2.5,4265,1976,3,1.88,19542,61.97,1
460812,3,2.0,4468,1934,2,0.11,91440,29.7,5
736572,2,2.5,3191,2001,2,1.75,37774,58.09,2
264699,1,3.0,840,1971,1,1.09,18556,78.31,6
966510,4,1.0,2855,1984,1,1.29,56123,47.39,1
999684,4,2.0,4997,2013,2,0.61,88342,70.93,5
999684,1,2.0,3211,1951,2,0.65,52586,29.91,4
799010,5,2.5,4997,1942,2,1.32,24864,17.75,4
999684,4,3.5,4997,1994,3,2.0,68989,69.34,8
920694,5,2.0,4067,1981,0,1.6,66093,33.22,3
674370,1,2.0,2706,1956,0,1.74,43749,1.05,6
549736,1,2.0,2303,2013,2,0.96,69739,27.43,3
571748,3,2.0,989,1955,1,0.74,52996,88.12,9
640142,4,2.0,3442,1964,3,0.64,27305,79.85,5
999684,5,3.0,4997,1963,2,0.8,87474,17.06,7
845128,4,1.5,2705,1929,1,0.11,26318,7.24,7
876912,3,3.0,3554,1965,1,0.67,62810,37.54,8
999684,1,1.0,3362,2013,1,0.76,95915,79.27,5
999684,5,2.0,2693,1979,2,0.97,47820,43.68,2
999684,2,2.0,2166,1964,2,1.13,71800,43.92,6
211036,5,4.0,2564,1957,1,1.26,80942,31.64,6
149527,3,2.0,2082,1974,1,1.05,30661,41.5,1
999684,5,1.0,2242,1989,3,0.75,93394,73.72,1
261264,4,1.0,2346,1984,3,0.11,40816,51.77,7
841547,3,2.5,4756,1951,2,0.75,22850,43.51,9
297123,2,3.0,1612,1974,0,0.53,88137,68.05,5
177306,2,3.0,2855,1980,2,1.31,75057,51.38,7
901098,4,2.5,2821,1926,3,1.55,49866,76.68,5
999684,3,3.5,4469,1969,3,1.57,36644,29.74,5
558898,2,2.0,4269,1902,2,1.47,62919,57.15,5
184184,3,3.0,4093,1980,3,0.99,37428,74.87,5
599330,3,1.0,3428,1986,2,0.78,68491,94.04,6
912416,1,1.5,2071,1989,2,0.66,43380,17.83,4
204983,4,1.0,1999,1948,1,0.25,82822,44.32,8
967222,2,2.0,4649,1974,2,1.6,85604,11.43,2
807843,1,2.5,1440,2014,3,0.97,85341,21.4,9
999684,1,2.5,3138,2013,1,0.39,13017,49.85,5
910438,1,2.5,3611,1961,1,0.61,96708,0.19,5
353240,1,1.5,1684,1968,2,0.59,19926,61.39,3
999684,2,2.5,3943,2002,1,1.08,54508,65.36,6
742086,5,1.0,4690,1908,2,1.64,33486,47.12,4
865581,2,3.5,4649,1951,1,0.87,39511,25.12,4
457078,3,2.0,2503,2011,3,0.11,20002,42.3,7
590817,4,2.0,1886,1998,0,0.96,58586,99.71,8
416966,3,4.0,2459,1976,3,0.98,78737,34.34,2
714261,3,1.5,3312,1908,1,0.94,74668,26.64,7
999684,1,1.5,2416,1961,0,0.72,37048,0.19,8
229821,5,1.5,3309,1941,2,1.18,50324,79.37,1
152179,5,2.5,1566,1974,1,1.1,76877,13.61,3
999684,1,3.0,2908,1933,0,1.05,89517,51.86,8
710746,1,3.0,4291,1926,0,1.28,84232,99.71,6
532128,3,4.0,3616,1902,2,0.83,24525,59.95,9
999684,2,1.0,3431,2006,3,0.8,62634,59.63,5
582013,4,3.0,4103,1948,2,1.81,71491,39.94,4
999684,2,2.0,3178,1968,2,1.36,15565,58.35,9
999684,5,2.0,4890,1962,2,1.51,90483,51.5,3
598473,5,2.0,4250,1924,1,1.72,82053,64.88,4
999684,3,1.5,2689,1917,0,1.34,24287,0.19,7
511289,4,4.0,2471,1926,0,1.56,87365,60.25,7
999684,5,3.0,3481,1936,1,0.21,12422,61.8,3
895303,2,2.5,3079,1976,1,1.17,39060,99.71,6
999684,2,3.5,2327,1934,2,0.96,51633,49.2,4
999684,3,1.0,3438,2022,2,1.97,81521,55.7,1
879233,4,1.5,3944,1999,2,1.56,23790,60.73,4
515236,3,1.0,4056,1992,1,0.72,35168,61.54,1
999684,1,2.0,3877,1958,0,1.26,34019,13.8,3
516986,2,2.5,2798,2017,2,1.15,53739,72.88,2
999684,3,2.5,1502,1955,2,1.31,13668,22.91,7
817410,3,2.5,2651,1961,0,0.51,86280,61.03,6
759698,5,1.0,3831,1969,1,1.25,38754,24.59,9
714884,1,3.0,840,1988,1,0.94,65614,42.92,3
323135,4,2.5,4997,1985,2,1.21,95058,35.78,5
410400,5,3.0,3948,1945,1,0.67,14509,42.15,2
999684,5,1.0,4233,1943,1,0.74,12500,46.93,3
592728,2,2.5,4334,1986,1,1.69,85440,60.04,4
414103,4,1.5,2669,1988,1,0.49,36921,46.55,9
999684,4,2.0,4105,1948,1,0.53,64551,74.5,6
999684,3,3.0,2931,1905,1,1.03,26683,33.96,5
999684,3,2.5,2843,1955,0,0.64,87952,61.69,8
999684,4,1.5,2499,1985,2,0.58,24833,25.35,7
564736,1,2.5,4291,2022,2,1.12,28290,99.71,5
226257,4,1.0,2973,1919,1,0.25,24003,61.81,7
999684,3,3.5,3897,1947,3,0.52,81656,29.25,4
545557,3,2.5,850,1948,1,2.0,51253,99.26,9
888491,5,3.5,4997,2011,3,1.31,89787,64.25,8
999684,2,2.0,3960,1961,1,0.66,61025,29.35,4
972750,2,2.0,2821,1930,0,1.29,98022,45.54,7
999684,5,2.0,3508,1983,2,1.37,81708,16.56,7
999684,2,3.0,3182,1948,2,1.6,32706,16.55,6
557490,2,2.0,4649,1918,2,0.99,94008,84.11,6
899593,3,3.0,959,1930,1,1.59,97231,23.45,3
992793,4,2.0,4353,2022,1,0.11,52732,10.81,4
875126,3,1.0,1975,1976,1,0.49,86591,67.62,9
999684,1,2.0,2323,1966,1,1.15,42716,97.1,6
861906,2,1.5,2409,1954,2,1.24,16880,82.64,3
897962,2,2.5,2194,1973,2,0.57,38949,99.71,5
999684,3,1.5,3050,1973,2,1.2,95346,99.71,4
642741,4,3.5,2067,1973,1,0.72,76064,23.4,7
521240,4,2.5,4648,1967,1,0.91,53093,40.35,4
346222,1,2.5,840,1994,0,1.61,93844,4.1,5
187750,5,3.0,4422,1963,1,1.55,32844,15.84,3
999684,3,3.5,2673,1927,0,0.52,32360,80.2,9
339641,5,2.5,2382,1940,1,0.49,97941,57.29,7
664817,4,2.0,3662,1902,1,0.84,92782,91.25,7
716218,5,1.0,1921,2022,2,1.05,53322,24.4,7
979280,4,2.0,3468,1994,1,0.7,30704,33.52,4
999684,5,2.0,2081,1933,2,1.62,62646,66.41,9
999684,4,2.5,3971,1952,0,1.25,58181,79.74,5
555058,3,2.0,1960,1940,1,1.28,40589,2.25,9
787455,5,3.0,3240,2018,0,0.38,97972,42.4,4
895375,4,2.0,3771,1911,0,1.69,93562,60.82,7
663259,4,2.5,2499,1967,1,0.11,91229,71.86,6
999684,1,3.5,2277,1959,3,1.51,19212,77.55,6
785381,1,3.0,840,1992,2,1.56,23850,47.17,1
999684,3,2.5,3815,1959,2,0.83,49767,13.75,2
999684,3,2.0,4997,1902,1,1.75,17322,0.19,9
999684,2,2.0,4649,1953,1,1.03,45911,44.07,2
856564,3,1.5,3171,1928,1,1.09,56580,41.0,7
356228,5,2.0,4719,1965,2,1.24,60622,26.4,9
883060,4,3.0,1296,2014,0,2.0,15678,75.03,7
584069,1,2.5,4139,1902,2,1.79,75265,16.28,9
632433,3,1.5,3989,1934,1,1.44,76918,30.26,7
898911,2,4.0,2127,1943,2,0.57,31780,82.91,6
999684,2,2.5,4180,1949,3,1.14,37506,27.01,6
778704,2,1.0,2401,1989,0,0.62,52296,58.62,5
835285,2,2.0,2158,1956,1,1.5,49882,49.04,5
999684,1,2.5,2914,1977,1,1.14,70510,56.32,4
760855,3,4.0,1794,1940,0,0.45,52202,74.7,6
999684,2,1.5,3923,1971,0,1.1,11705,58.69,9
984789,1,3.5,1087,1991,3,0.6,81533,9.4,9
164326,5,3.5,2526,1936,2,1.14,97983,14.27,6
999684,5,2.0,2693,1991,3,0.6,50730,57.81,7
999684,2,2.0,3611,1964,2,1.07,90071,22.85,5
999684,3,1.5,2327,2000,1,1.47,41051,76.82,9
788410,1,2.5,840,1955,1,1.03,87665,58.22,1
840022,5,2.5,3056,1976,2,0.85,60467,0.19,9
309729,5,3.0,3740,1961,2,1.17,40785,99.71,4
620935,3,3.5,1654,1959,1,1.44,39402,38.78,4
408693,4,2.0,2047,1972,0,0.46,12704,43.29,2
673719,3,1.0,4997,1982,3,1.2,37027,61.49,6
790669,1,2.5,1320,1918,1,1.77,69092,46.83,3
999684,2,2.5,2319,2014,1,1.37,15725,77.01,8
878493,3,2.5,2624,1902,2,1.09,74105,20.01,7
273397,2,2.0,2202,1938,1,1.41,35223,82.34,3
958528,3,2.5,3804,1959,2,1.3,37384,68.93,3
999684,3,4.0,4194,1977,3,1.47,72993,27.03,3
558580,3,3.0,2697,2019,1,0.11,40027,56.57,3
561543,3,2.0,1587,1902,0,0.22,22767,84.22,4
781586,1,2.0,3867,1944,1,1.6,97017,64.34,3
444598,2,2.5,2591,1902,1,0.25,28354,53.56,8
999684,1,4.0,4291,1964,3,1.28,58777,67.24,4
651610,4,2.5,1208,1972,3,0.87,94682,69.66,7
999684,1,2.5,2580,2020,2,0.52,31901,34.76,7
479045,5,2.0,4997,1967,0,1.25,59966,53.83,1
677248,5,3.5,3357,2000,0,1.17,78637,73.75,7
999684,3,4.0,2793,1984,2,2.0,26515,53.15,1
601693,1,3.0,2699,1947,2,0.72,34806,28.66,3
999684,2,2.5,2038,1912,1,1.84,13573,57.38,7
631088,3,2.5,2690,1972,1,1.25,51941,38.08,5
731281,2,1.0,2301,1909,1,0.7,53915,66.08,4
999684,2,3.0,1956,2009,1,1.49,63780,90.4,1
283357,5,2.5,4997,1957,0,1.37,15060,68.82,8
202154,4,3.0,3971,2006,0,1.08,59094,25.61,6
183954,2,2.0,3003,1945,1,1.2,66899,58.01,3
999684,1,2.0,3311,1972,3,0.74,65421,0.19,3
581207,2,2.0,2389,1970,1,0.61,55610,46.45,8
999684,3,3.5,2139,1961,2,1.47,20933,76.39,6
497885,4,2.0,2702,1947,2,0.94,82168,60.9,1
822194,2,4.0,2707,1977,3,1.02,53898,52.49,3
999684,4,3.0,2157,1929,3,1.21,98509,99.71,9
999684,5,1.5,3182,1919,1,1.2,15589,0.24,8
999684,4,2.5,2805,2007,1,0.29,21612,6.69,5
999684,3,2.0,4997,1989,1,1.75,57611,63.2,5
890143,3,1.0,850,1965,1,1.13,28888,75.18,1
999684,2,4.0,2490,2022,1,0.95,29417,76.35,9
999684,5,3.0,4997,1953,2,1.29,71323,32.83,4
599034,2,3.0,2850,2010,2,1.19,87551,25.02,3
543088,3,2.5,3961,1969,2,1.47,55440,20.78,7
718530,3,1.0,3182,1926,3,1.35,45744,58.6,3
684152,2,2.0,1908,2022,3,1.45,93391,21.01,1
525243,1,3.0,840,1998,2,1.79,21891,81.41,6
997601,3,1.5,3308,1958,3,1.54,82131,48.69,1
999684,3,1.0,2137,1989,1,0.97,72093,29.06,5
795444,4,2.5,2466,1948,3,0.45,60294,29.18,6
999684,2,2.5,2109,1992,3,1.96,38557,5.22,4
365026,5,2.5,4997,1902,3,0.93,97472,26.46,4
824701,2,3.0,4649,1926,2,0.8,71166,33.41,9
614166,5,3.0,4038,1998,1,0.12,93817,61.07,9
146075,1,2.5,1792,1954,0,1.24,12192,46.46,3
706117,4,3.5,2016,1970,1,1.14,55032,24.57,4
748865,4,1.0,3979,1914,3,0.24,59851,14.05,4
999684,2,3.0,4649,2022,1,1.3,52861,42.5,5
999684,4,3.0,3125,2005,2,0.79,44946,0.19,5
369062,5,1.5,1566,1955,2,2.0,59884,40.17,9
999684,1,1.0,3146,1948,1,0.75,56360,81.44,5
999684,4,2.0,4596,2000,3,0.82,73252,43.55,2
891045,1,2.0,840,2022,0,0.59,51472,53.91,4
741222,2,3.0,2915,1997,0,1.75,45455,50.42,6
510456,5,2.0,4317,2022,0,0.86,38672,9.44,4
571890,2,1.5,2617,1929,1,0.67,13756,99.71,6
997785,1,2.0,1403,1933,2,1.44,98454,37.59,4
999684,3,3.5,4275,1920,2,0.31,80030,49.22,7
999684,5,2.5,3297,1978,2,1.4,68151,30.44,5
458002,1,2.5,840,1969,2,2.0,44047,82.08,2
296865,1,2.5,840,1957,0,1.37,82074,7.32,4
999684,5,3.5,4997,1992,0,1.4,72391,86.81,9
214746,5,2.0,4514,2007,2,1.53,12221,40.56,8
813103,3,3.5,3167,1908,1,1.98,15164,33.96,2
694651,1,2.5,1821,1941,0,1.71,43622,31.25,9
609144,5,2.5,3147,1992,3,1.3,45980,99.71,5
163974,5,4.0,2495,1946,3,1.55,61738,3.12,4
930649,4,1.5,2906,1934,3,0.58,94688,33.92,4
524610,2,2.0,840,1999,2,1.48,89921,12.16,5
320239,3,1.5,2184,1916,2,0.52,33612,0.19,8
159309,3,3.5,2692,1952,3,0.86,88066,86.9,6
852762,3,4.0,3790,1974,1,0.11,78876,48.54,6
999684,5,4.0,3731,1942,3,1.28,70572,15.9,8
999684,4,3.5,4369,1991,2,0.71,98660,73.19,4
653223,1,2.5,3956,1942,3,1.66,43043,37.78,6
714621,5,2.0,4997,2013,2,1.27,87831,30.71,6
990750,3,1.0,3624,1958,3,1.67,95783,65.89,5
442305,4,4.0,3435,1987,2,0.47,76250,37.17,6
899730,5,3.0,2608,1989,0,1.62,48822,21.6,3
999684,1,2.0,3229,1940,3,2.0,69424,69.34,8
999684,3,3.5,4997,1902,0,1.47,76345,45.25,4
764777,2,1.5,3113,1975,3,1.49,62878,70.81,6
804684,1,3.0,4291,1965,1,1.15,74963,37.72,6
371651,3,2.5,1242,1983,3,0.78,95898,78.66,3
469018,5,3.0,2402,1954,3,1.47,10036,49.72,9
728401,1,2.5,3367,1947,2,0.25,42402,79.82,9
975747,3,1.0,3378,2022,2,0.83,20273,78.88,3
999684,4,2.5,4988,1909,2,0.11,35030,84.91,7
495554,3,3.5,3044,1989,0,0.68,62460,51.29,5
999684,3,2.5,2027,1942,2,1.41,86939,60.34,3
634236,1,3.0,2092,1950,0,1.33,90573,42.68,6
695556,3,1.5,1234,1951,2,1.09,29039,23.48,7
400473,2,2.5,1358,1934,0,1.15,24017,99.71,6
182015,1,2.0,3507,1983,0,0.11,92901,27.67,4
999684,5,3.0,4820,2013,3,0.86,49215,75.37,9
999684,4,2.5,3854,1979,3,0.69,22583,70.22,9
549649,3,3.0,1009,1966,2,0.7,42919,54.53,3
748133,3,3.5,2635,1927,2,1.38,57025,44.86,5
893140,5,3.0,2317,1981,1,0.6,54254,45.14,1
234952,3,2.5,4466,2022,2,0.73,56275,30.4,7
594161,4,1.5,2724,1949,1,0.11,67943,52.04,9
999684,3,2.5,1767,1949,3,0.9,19514,15.31,6
289137,5,2.0,3814,1942,1,0.47,48416,70.83,2
888644,3,2.0,2299,1945,1,1.1,11511,42.74,9
300098,3,2.0,4833,1902,2,0.55,28642,21.62,9
880513,1,1.5,1470,1977,1,1.12,92151,12.57,4
655073,3,1.0,1393,1932,2,0.98,61894,45.52,6
132699,2,2.0,840,1905,1,1.96,34225,46.52,7
999684,2,2.5,2668,1990,2,1.33,30846,34.4,7
430401,2,1.5,2034,1924,3,0.11,39152,63.78,5
407012,1,2.5,840,1950,1,0.38,76107,59.35,9
999684,5,4.0,4997,2015,1,1.09,60354,50.95,1
999684,5,3.5,4575,1912,2,0.56,36188,22.66,1
389871,5,4.0,3745,1907,1,0.11,70910,28.01,5
982149,1,3.0,3974,1972,2,1.79,52530,9.11,9
999684,3,3.5,3853,2004,2,1.45,88753,43.81,8
766329,1,2.0,1365,1906,3,1.34,51999,65.46,1
845810,2,2.0,1465,1977,1,0.73,16609,14.45,9
735193,2,1.0,3680,1983,0,1.29,68769,33.16,7
442044,5,3.5,4251,1902,1,0.68,57397,47.8,2
834163,2,4.0,2907,1991,0,1.17,59322,65.42,5
419040,5,2.0,2769,1994,2,0.56,15151,6.8,8
181717,4,2.0,4146,1951,0,1.88,16406,99.71,8
987968,5,2.0,2877,2008,3,0.21,72678,70.99,5
999684,1,3.0,2225,2003,3,1.73,57062,32.07,6
202959,5,3.5,4997,1966,2,1.08,90429,18.5,5
382893,5,1.0,2990,1946,2,0.8,42956,57.49,5
819046,2,3.0,840,1927,0,1.15,63830,62.91,7
999684,4,2.0,2165,1961,3,1.46,82681,20.81,9
878124,3,2.5,4249,1983,1,1.8,23133,17.24,2
513732,3,3.0,3366,1951,1,1.23,22209,23.6,4
603012,2,2.5,2551,1902,0,0.58,84681,51.18,3
999684,2,2.5,2097,2008,2,1.09,64345,51.54,2
541283,5,2.5,4358,1969,0,2.0,52585,99.71,2
452379,3,3.5,2050,1949,2,1.79,44638,0.19,5
642786,4,3.0,3785,1993,1,1.55,30645,29.98,2
394423,2,2.5,1832,2017,0,1.49,28408,34.09,2
664754,2,1.5,1634,1902,1,1.44,22521,63.33,5
999684,5,2.0,3018,1978,2,1.69,97414,64.48,2
782645,1,3.5,1899,1911,0,0.81,48221,43.57,6
646137,2,2.5,2646,1980,1,0.33,31086,92.82,4
679588,3,3.0,3343,1967,2,1.1,26923,17.19,2
170909,3,4.0,850,1985,3,0.62,91761,29.28,9
980084,3,3.5,2099,1945,2,0.49,17202,11.45,1
710024,4,2.5,2953,1902,0,0.67,47206,45.1,7
830261,4,2.0,4997,1946,1,2.0,29885,39.77,6
999684,4,1.0,2132,1977,2,1.13,21218,71.96,4
865526,2,2.5,2899,1999,1,1.26,55692,99.71,3
545514,3,2.0,4846,1920,3,0.4,62689,92.23,9
678953,5,3.0,2212,1999,2,0.11,16716,14.11,9
999684,4,2.5,3891,1939,3,0.62,26088,50.86,4
708789,1,2.0,1389,1976,1,1.84,41001,71.61,4
221993,3,1.0,2460,1944,3,1.24,32584,68.56,8
937638,1,1.5,1388,1969,1,1.38,14286,99.71,4
539189,3,3.0,2189,1995,0,1.46,14739,42.99,7
999684,5,4.0,4997,1918,3,0.74,40158,51.57,7
999684,2,2.5,3712,1938,0,1.81,15605,99.71,5
672801,2,2.5,4019,1969,1,0.72,66492,61.41,6
999684,4,3.5,4007,2022,1,1.82,13321,32.13,6
622366,1,1.5,840,1931,3,1.3,54541,21.26,2
999684,2,3.0,3176,2022,3,0.11,61701,55.34,3
999684,4,2.0,4701,2022,3,0.66,22170,80.03,6
390024,2,3.0,1686,1959,1,0.11,66045,79.66,4
635085,3,2.5,4214,1952,3,1.69,18933,24.21,9
999684,4,2.5,4261,1938,2,1.05,98228,52.29,5
713489,4,2.0,4997,1960,3,0.11,19906,36.34,1
524206,3,3.0,2564,1912,2,1.26,33814,45.06,1
365721,2,4.0,1395,1960,1,0.77,10818,75.39,7
999684,4,1.5,2989,2016,1,0.26,18434,47.88,5
999684,3,2.0,4775,1941,1,1.97,66153,68.1,9
300443,4,2.5,1239,1954,2,1.12,40571,68.97,3
607490,2,3.0,840,1902,2,0.9,50694,31.73,5
999684,3,2.0,3169,1976,1,0.84,55485,84.7,6
736545,2,1.0,2176,1972,3,0.24,22069,17.79,5
984652,3,3.5,3072,1965,0,0.36,67198,12.95,4
415399,2,3.0,3832,1955,2,1.75,48662,35.57,7
829612,1,1.0,1687,1952,2,0.8,98970,21.25,3
618100,3,2.0,850,1981,3,1.07,62169,66.75,7
999684,3,4.0,4997,1961,1,0.11,82928,99.71,9
999684,4,3.5,2231,1974,2,0.35,26102,81.8,9
999684,2,3.5,1441,1970,3,1.39,43457,25.8,1
999684,4,2.5,4737,2003,3,1.26,97798,20.59,4
932092,4,2.5,2962,1987,1,2.0,62290,77.46,6
985607,4,2.5,3345,1969,2,1.79,21932,15.24,9
750573,2,3.5,3280,2017,3,0.94,21766,20.97,6
999684,3,1.5,4355,1978,0,1.32,98247,59.95,9
685015,3,2.0,2665,2009,1,0.89,23292,33.72,3
999684,3,3.5,4876,1984,3,2.0,96223,52.76,6
998080,1,2.5,840,1902,3,1.68,57631,39.8,6
490483,3,3.5,3969,2009,2,1.15,82944,48.52,9
999684,5,2.0,2777,1967,1,1.17,86230,74.49,8
999684,2,2.5,4342,1961,1,1.84,44533,67.21,7
750292,2,1.5,2874,1973,1,1.37,90773,75.72,7
149833,4,2.5,2618,1950,3,1.9,15778,67.72,2
584302,3,1.0,3853,1971,1,0.11,45059,69.72,5
999684,5,2.0,4844,1941,2,1.31,14866,49.26,2
840262,1,1.0,3112,2008,1,0.78,83965,7.45,3
372919,4,3.0,2192,1958,2,2.0,70661,46.23,5
526821,4,3.0,2843,1949,1,1.9,53352,58.42,1
999684,3,1.0,3058,1929,1,1.08,98373,51.46,5
964452,3,3.5,3013,1972,0,1.89,60736,61.41,3
697380,4,4.0,4315,1969,0,2.0,44075,99.71,2
570902,4,2.5,1208,1976,2,1.1,91951,34.88,5
583124,1,2.0,2745,1926,0,2.0,34104,37.66,4
388196,4,4.0,3075,1905,3,1.04,75827,84.12,6
999684,3,1.5,2062,1985,0,0.94,79222,52.91,3
659223,3,2.5,2177,2016,1,1.53,11642,62.41,5
999684,3,2.5,2807,1926,2,0.87,72845,32.28,9
999684,3,3.5,850,2020,1,1.11,99686,28.23,7
999684,5,3.0,2942,1973,0,1.82,18769,14.57,3
596927,3,2.0,2018,1962,0,1.07,79445,54.28,8
999684,1,1.5,2982,1948,0,0.14,60375,21.15,9
688582,2,2.0,1744,1913,1,1.26,42078,17.61,7
429543,3,1.5,2806,1998,3,0.68,22268,68.35,3
999684,5,2.5,4997,1935,2,1.53,20844,31.05,8
362518,4,2.0,4607,1934,3,1.44,84174,14.77,4
999684,2,1.0,3781,1998,2,1.85,70763,11.8,9
535027,5,3.5,3182,1902,3,1.55,21233,75.57,4
823947,3,2.0,3710,1908,0,1.65,40496,46.25,4
955603,5,1.5,3499,1962,1,0.7,27806,37.82,6
731167,3,2.5,2829,1973,3,1.49,50326,54.26,9
999684,4,2.5,3909,1980,1,2.0,88807,51.52,9
587197,4,1.0,2708,1952,3,0.69,49513,34.08,5
999684,5,3.0,4997,2022,3,2.0,61761,39.71,4
260510,5,1.5,3587,1954,1,0.76,29465,70.36,3
817209,4,4.0,4158,1954,1,0.6,49502,73.07,1
999684,3,3.0,4799,1934,0,1.22,89396,25.19,2
424473,2,2.0,3935,1967,1,1.45,18250,86.16,6
472755,3,2.0,1382,1985,0,1.55,70503,99.71,8
999684,4,2.5,3951,2006,2,0.54,31310,40.93,3
889773,3,3.0,4077,1909,0,1.29,42206,40.24,7
999684,5,2.5,4842,1954,2,0.69,19764,23.46,3
937740,5,2.5,2450,1979,2,0.26,65596,30.07,3
912620,2,2.5,1921,1984,0,0.56,22842,58.63,2
999684,2,2.0,3891,1963,3,0.65,99579,99.71,9
949052,3,2.0,2154,1982,2,1.34,12976,70.29,9
628838,3,1.0,2705,1933,2,1.68,17426,39.76,3
999684,2,3.5,4585,2019,1,0.26,32887,37.09,3
999684,5,2.5,3721,1998,2,1.25,36710,30.21,7
681127,4,2.0,2553,1914,3,0.42,51387,79.83,9
382900,3,4.0,2016,1924,1,1.4,57470,42.32,9
999684,1,2.5,2743,1925,3,0.72,16486,62.4,4
638387,1,1.5,840,1987,2,0.49,49258,42.5,5
139234,3,3.0,2767,1916,3,1.49,32623,99.71,2
999684,1,3.0,2744,1951,2,0.74,33806,33.94,4
699711,4,3.0,4970,1979,2,0.89,15973,29.07,5
752619,3,2.0,3859,1960,0,0.11,56215,35.45,1
894040,5,3.0,2927,1972,2,1.57,55939,61.53,4
915679,5,2.0,4997,1924,1,1.5,39157,90.62,6
980986,3,3.0,2705,1984,1,1.06,15521,61.59,1
527954,3,1.0,1588,1940,3,0.24,22891,69.66,6
999684,4,2.0,3215,1951,1,1.71,92331,65.66,8
870496,5,4.0,4997,1971,0,0.7,32474,1.38,7
999684,1,2.0,2544,1966,1,0.82,36507,48.86,4
999684,1,2.0,2361,1963,0,2.0,20687,40.19,8
494563,2,2.0,4649,1935,3,0.68,21009,45.25,9
999684,4,1.5,1713,1952,1,1.46,98762,25.63,6
515077,4,1.0,1887,1963,2,1.36,98484,74.32,5
887974,5,2.5,1851,1913,3,1.27,54291,50.72,3
871818,1,2.5,2791,1946,1,1.21,58296,50.54,4
999684,1,2.5,2545,1976,2,1.26,50225,45.08,8
820974,4,2.5,4997,1917,0,1.21,97638,31.2,9
710939,2,2.5,2995,2004,3,1.03,44828,0.19,4
750257,1,3.5,1864,2008,3,1.88,46102,57.14,5
602724,3,2.5,3065,1918,1,0.35,66342,52.59,3
999684,4,2.0,3561,2011,1,1.61,43712,64.7,4
134262,3,2.0,1068,1957,1,1.5,36823,51.4,2
459995,2,3.0,4649,1978,1,1.44,15361,18.25,6
371518,3,3.5,3683,1945,3,1.66,90174,26.44,2
999684,2,2.0,2955,1996,0,1.01,48052,87.88,4
999684,1,2.5,3080,1977,2,0.11,33265,58.5,5
688349,2,3.0,3551,1933,1,1.02,52012,72.44,2
647551,4,1.5,3253,1921,1,0.52,20916,75.78,3
687505,3,2.5,2309,1910,1,0.66,85045,21.0,2
999684,3,1.0,3778,1969,1,0.39,55532,39.52,8
469133,2,1.0,3165,1983,2,0.8,57659,68.93,9
831529,3,3.0,2096,1986,2,0.74,99860,25.84,3
999684,1,2.0,4039,1958,2,0.11,24003,37.57,9
926729,3,2.5,3412,1921,0,1.44,52634,34.37,3
937143,5,2.5,4649,1938,2,2.0,84992,28.07,4
999684,1,1.5,4007,2004,0,1.39,21369,45.57,6
169033,2,2.5,2731,1945,2,0.95,29329,35.33,7
999684,3,1.5,3441,1968,3,1.03,88754,37.85,4
597291,5,3.5,4745,1924,0,0.83,96700,57.05,8
160125,2,1.5,1840,1975,1,1.11,22410,78.05,8
920018,2,2.5,2769,1946,1,1.04,39730,71.33,5
999684,1,1.5,2496,2000,3,0.61,12665,54.4,5
642405,3,3.0,1922,1990,2,1.97,49899,96.52,3
999684,5,2.0,4997,1945,3,0.26,47703,68.29,2
999684,3,2.0,1384,1958,2,1.45,75951,72.48,3
999684,3,3.0,1514,1943,2,1.01,34172,44.63,7
999684,3,2.5,4630,1911,2,2.0,12684,38.19,5
999684,3,3.0,3913,1932,2,1.24,83030,60.15,4
693344,2,1.5,1481,1970,0,0.87,29750,75.41,4
183677,4,1.0,4145,1974,2,0.93,29887,54.34,4
810485,3,2.5,4814,1968,1,1.08,30826,31.09,5
469898,3,2.0,3026,1952,2,0.44,16180,12.37,5
999684,2,3.0,4649,1996,1,0.65,56779,3.79,5
634683,5,2.5,1722,1965,0,0.11,78095,50.54,4
896834,4,2.5,4248,1988,2,0.56,72288,72.81,3
999684,2,1.0,4096,1902,0,1.11,50905,0.19,5
857019,4,4.0,4484,1902,0,1.22,79507,31.83,7
999684,2,2.5,2461,1973,2,0.11,66068,27.13,4
439075,2,3.0,2358,1911,2,0.99,28113,60.24,1
820457,2,1.5,3234,1955,2,1.36,52861,30.12,1
547948,1,2.5,3320,1952,3,0.97,88487,13.9,8
350900,4,1.5,4139,2020,1,0.72,35617,31.79,8
621038,1,3.0,3587,1977,0,0.84,12583,27.28,7
672774,1,2.0,1131,1968,1,0.77,36250,49.69,6
635682,1,2.5,2075,1993,1,0.72,13055,43.14,8
470059,3,3.0,1941,1976,1,1.15,82337,62.06,4
229789,3,1.5,2602,1946,1,2.0,44426,49.14,5
802189,2,2.0,3916,2001,1,0.66,70532,78.54,3
187367,1,3.0,2475,1923,0,0.89,99376,36.42,5
999684,1,4.0,4291,1974,1,1.03,19933,67.17,9
752867,4,2.5,3651,1907,0,0.69,41979,58.47,3
212209,2,3.0,2776,1970,2,1.65,55047,40.82,2
669686,3,2.5,3189,1969,1,0.11,14137,69.13,5
496631,2,4.0,1944,2022,3,0.77,21423,26.22,4
815570,3,1.0,2994,1906,3,1.5,99851,85.01,6
999684,5,2.5,4997,1941,2,0.9,44482,26.97,7
188052,4,1.0,3556,1992,0,0.62,54156,10.72,4
846380,2,1.0,1758,1975,3,1.3,62483,8.47,9
703187,3,2.5,1959,1969,3,1.55,44754,51.94,8
932758,3,2.5,2525,1928,2,1.17,46312,33.08,3
844788,3,2.0,3151,1941,3,0.63,33363,54.54,5
614504,2,2.5,4128,2007,1,1.31,27085,17.57,7
552025,3,4.0,1463,1961,0,0.84,66889,63.34,3
440361,3,2.0,2681,1976,1,1.46,89951,54.62,1
999684,2,3.0,2877,1958,3,1.86,66414,36.15,9
572320,1,2.0,840,1920,0,0.11,57052,67.31,2
999684,1,2.5,1352,1996,2,1.12,96934,65.88,7
713939,1,2.5,1535,1981,2,0.12,42691,51.97,7
458545,1,2.0,1397,2022,1,2.0,82195,74.86,3
202482,3,4.0,3291,1926,1,0.81,96180,81.29,9
173578,2,3.5,2513,1992,2,1.46,64697,26.62,5
154192,4,2.5,2758,1915,1,1.04,13044,81.92,5
892441,3,1.0,3573,1968,0,0.63,13883,23.44,1
999684,1,2.0,4291,1998,2,0.56,41712,71.53,1
177329,4,4.0,4997,1902,3,1.92,94860,76.59,4
999684,4,2.5,1208,1955,2,1.58,31545,44.29,9
557611,2,3.5,3393,1942,1,2.0,28204,47.79,1
829274,4,3.5,3208,1937,0,1.09,33268,40.71,5
999684,2,2.5,2890,1976,1,1.22,91298,25.59,5
999684,3,1.5,2587,2003,3,0.92,94383,30.96,8
673930,1,1.0,2487,1958,2,0.9,46139,63.62,8
419819,1,3.0,2527,1970,2,0.5,85652,73.96,5
157027,2,1.5,2014,1967,2,1.11,38436,48.9,5
463874,3,2.5,1993,1963,2,0.63,78324,20.24,3
603984,2,1.5,2169,1923,2,1.3,14125,16.32,2
402880,1,2.0,2626,2002,2,1.15,79142,46.26,3
741338,2,2.5,3419,1973,1,1.22,51534,34.13,2
874694,3,2.5,4081,1977,0,1.96,96842,83.47,5
651586,3,1.5,2473,1933,2,1.04,52973,29.1,5
519892,3,3.5,3401,1946,3,1.47,86369,66.52,4
914196,2,2.0,3853,1956,0,2.0,97533,31.45,5
999684,5,1.0,4997,1907,2,1.77,43521,41.16,4
321844,1,2.5,2276,1902,3,1.68,17488,54.28,7
999684,4,2.5,3157,1941,2,0.89,49974,64.28,6
805647,5,2.5,4007,1981,1,1.18,52448,61.49,4
679589,4,3.5,2049,1939,2,0.35,17938,33.2,2
983278,3,2.5,2832,1926,1,1.33,61113,52.21,5
930588,2,2.5,3593,1933,1,1.21,25770,38.53,8
999684,4,1.5,4186,1946,2,1.07,62635,8.11,7
833350,1,3.0,2024,1950,0,1.61,82171,55.91,7
596242,2,2.5,2964,2022,0,0.41,84165,85.67,7
883890,2,2.0,1721,2000,2,1.94,67822,93.78,8
420999,5,1.0,4618,1999,1,1.55,59934,58.46,7
896797,4,3.5,3328,2005,2,1.02,75526,56.57,5
714300,2,1.5,2375,1927,3,0.98,31487,0.19,4
628501,3,2.0,2631,1918,2,1.32,63319,99.71,7
599686,2,3.0,2629,1923,2,1.88,22869,90.52,1
174749,2,1.5,2170,2011,0,1.11,84755,71.18,8
630274,4,1.0,4206,1943,2,1.14,50797,51.39,7
779282,1,1.0,1875,1917,1,1.07,66298,0.19,9
903577,5,3.0,4997,1947,2,2.0,92209,54.57,2
468207,4,2.0,4997,1954,1,0.86,92299,50.23,8
999684,5,4.0,2715,1972,3,1.04,54933,8.75,7
429102,2,1.5,2788,1972,0,1.85,86579,62.22,3
999684,3,1.5,2286,1933,0,1.14,19570,84.92,5
894522,1,2.0,1957,1987,1,1.67,16886,59.12,5
569436,2,2.5,4649,1939,2,0.57,77494,59.03,4
999684,4,2.0,3054,1957,2,0.95,53087,60.88,1
392612,5,3.0,4208,1987,3,1.86,77719,40.03,8
999684,1,1.5,2992,1939,2,0.69,13774,71.15,3
907543,2,1.0,1511,1942,1,0.98,39018,93.19,2
528052,3,1.0,2042,1984,0,1.2,95839,50.51,8
997371,1,1.0,908,1932,1,0.53,24272,27.57,1
653306,4,2.0,2364,1949,3,0.84,32586,9.43,4
715020,2,2.0,840,1983,1,1.12,43545,63.74,2
999684,3,2.0,3712,2022,2,1.09,12566,67.0,9
892438,2,3.5,4649,1984,2,1.75,86489,59.8,8
999684,2,3.5,2881,1980,0,1.89,75355,42.54,3
919132,3,2.0,1373,1982,2,0.6,41696,57.3,2
157936,3,1.0,2296,1924,3,1.12,82940,33.9,7
999684,2,2.0,2157,1967,1,1.42,77117,28.86,6
149926,2,2.0,1491,1961,0,1.88,89602,20.64,4
999684,3,2.0,4089,1974,1,1.45,50735,20.94,4
999684,5,2.0,4745,1967,0,1.22,83375,64.59,4
353283,3,2.0,1684,1976,2,1.42,60637,41.57,8
739989,4,2.0,4286,1951,2,1.42,32129,29.7,9
437348,1,2.0,4168,1965,3,0.56,40845,10.11,9
719124,3,2.5,4997,1918,1,1.16,89449,68.64,3
700863,1,3.0,4291,1951,2,1.85,76500,80.12,5
999684,1,1.5,1270,2013,1,0.95,20739,19.84,9
999684,2,3.5,4649,1974,1,1.13,68172,45.73,3
999684,5,1.5,3356,1962,0,0.93,12673,22.47,3
629170,4,1.0,2714,2022,1,0.11,41171,45.24,7
653365,3,3.0,3453,1914,1,1.07,99179,66.82,4
126200,1,1.5,1652,1923,2,1.22,20624,95.91,1
527196,3,2.5,3539,2022,1,0.78,76764,36.45,3
999684,3,1.0,1488,1964,2,0.44,62930,69.47,8
999684,3,3.5,2778,1954,1,0.58,44608,70.17,6
289083,1,3.0,3880,1919,1,1.47,59649,44.97,1
517777,2,1.0,2636,1979,2,2.0,92456,82.72,3
876950,3,1.0,3231,1982,2,1.81,29689,39.89,9
894708,4,4.0,3987,1923,2,0.33,73503,61.86,5
496074,1,2.0,3743,1957,1,1.52,82660,32.81,4
777172,3,1.5,1088,1950,1,0.7,52124,64.62,5
651677,3,1.0,3760,1972,1,0.75,17587,61.73,6
701014,4,2.0,3101,1922,1,0.81,13527,83.5,4
999684,4,2.5,3619,2008,1,1.44,43067,99.71,9
897613,4,3.0,4685,1995,3,1.58,61538,75.69,4
538688,2,1.0,1280,1949,0,1.01,79499,68.63,8
676286,1,1.0,1138,1955,1,1.02,47455,38.07,9
657834,2,3.0,840,1958,1,1.31,30243,0.19,6
551280,4,3.5,2765,1934,1,1.37,42693,86.7,2
751246,5,1.0,4997,1947,1,1.7,79231,99.71,6
999684,4,3.5,3277,1953,2,0.37,84648,58.33,4
999684,4,2.5,1822,2021,0,1.07,42059,20.35,7
682588,4,3.5,2841,1997,3,0.48,68867,88.99,6
896172,2,2.5,929,1996,2,1.03,82778,81.14,5
596879,3,1.0,1720,1976,0,0.94,85477,0.19,2
999684,5,2.5,4242,1922,0,1.03,65283,53.36,1
767215,2,3.5,1304,1961,0,0.63,73853,56.31,3
980166,5,1.5,4997,1997,1,0.26,30001,3.13,7
964364,3,2.0,2978,1917,3,0.11,12700,18.26,8
189803,5,2.5,3881,1985,2,0.99,60157,80.75,4
339641,1,1.0,2014,2022,0,0.83,28085,51.33,3
397714,4,4.0,4343,2001,1,0.69,73883,21.97,6
999684,2,1.5,3639,2013,1,1.77,68147,30.05,7
999684,1,3.0,2746,1970,2,0.6,23339,14.74,7
999684,3,2.5,3736,1997,0,1.83,25834,51.49,6
999684,4,3.5,3167,1937,1,1.94,86620,70.98,9
999684,2,3.0,3351,1991,1,0.11,39543,83.2,8
154857,1,2.5,1943,1986,0,1.11,45930,30.09,2
552496,3,1.5,3065,1973,2,0.84,51074,39.13,1
472288,3,3.0,2735,2010,2,0.11,70673,63.75,2
537477,4,1.0,2875,1943,2,0.28,39044,76.75,8
635633,4,3.0,2598,1956,2,1.48,88673,59.99,1
624854,3,1.5,3620,1966,1,2.0,44905,85.81,6
176060,5,3.5,4997,1925,2,1.55,64004,99.71,5
999684,3,2.5,4460,1971,2,1.23,72761,2.39,2
282209,2,3.0,1205,1902,2,1.05,81484,93.05,6
956872,1,2.5,3885,2000,1,1.97,93725,86.71,5
999684,3,1.0,2683,1964,1,2.0,98333,15.48,7
397547,2,1.5,3421,1944,2,0.74,79105,62.67,1
144964,4,3.0,2339,1932,3,0.11,36012,67.63,3
693379,4,2.5,3590,1954,2,0.11,73696,17.94,3
999684,1,3.5,2721,1987,1,1.77,88513,47.56,7
999684,3,3.0,1291,1982,1,1.03,31694,53.82,4
354073,4,1.5,4146,1937,1,1.16,54388,18.23,8
999684,5,2.0,4997,1932,3,0.11,92368,39.56,4
624047,4,2.5,3212,1986,1,0.65,42835,89.66,6
844741,4,1.0,4997,1936,3,0.9,77398,97.78,9
999684,3,4.0,2836,1965,1,1.17,28186,17.55,1
242101,4,3.0,4434,1967,2,0.84,39545,0.19,5
768443,5,3.5,1566,1974,2,0.5,54391,84.94,5
999684,1,1.0,4291,1993,1,0.64,83855,99.71,3
999684,2,3.5,4489,1917,1,1.71,55788,74.56,5
727692,2,4.0,2365,1902,3,1.19,38401,41.06,6
746076,4,1.5,1208,1942,3,1.39,68611,18.12,3
740318,5,3.0,4122,2022,2,0.57,22202,67.08,5
748108,2,2.5,982,2022,2,0.11,73368,79.68,2
717496,1,1.0,2877,2022,2,0.78,95658,30.32,5
999684,2,3.0,3195,1956,3,0.59,43135,57.24,8
586894,4,3.0,2297,1902,2,1.25,98121,36.8,8
992801,4,2.0,4758,1902,2,2.0,73535,71.03,8
868687,4,3.5,4382,1940,0,1.44,24897,0.19,5
999684,3,1.0,4227,1955,1,2.0,31291,60.74,4
812379,1,1.0,2357,2009,0,1.37,63408,38.78,7
159611,4,2.5,1732,1994,3,0.72,83830,99.71,8
999684,2,2.5,3871,1971,0,1.25,64093,58.3,5
450797,5,2.0,3456,1930,1,2.0,14507,69.7,9
483660,4,3.0,1762,1928,0,2.0,38854,22.17,7
615595,2,3.0,4317,1972,1,0.75,25475,42.95,4
999684,2,3.0,4649,1988,1,1.2,54905,60.68,4
174798,3,2.5,3013,1977,3,0.29,89870,38.97,5
999684,3,3.0,4997,1925,2,1.51,94366,42.35,1
999684,5,2.0,3887,1986,1,1.9,94285,56.89,4
951605,3,4.0,2609,1978,3,1.08,50185,0.19,8
715496,2,1.5,1952,1924,2,0.7,74398,34.22,9
988040,5,4.0,4997,1934,2,1.25,86593,72.03,6
978733,3,2.5,2132,1987,0,1.29,36427,37.99,6
999684,4,1.0,4298,1954,0,1.1,65535,99.71,4
965315,2,3.5,2037,2020,1,1.16,86572,51.93,3
877445,3,2.5,2513,1981,2,0.97,73690,0.19,7
738871,3,3.0,4292,1945,2,1.6,24060,62.1,4
728975,1,3.5,1893,1962,3,1.46,60641,18.92,9
735233,5,3.0,3296,1965,2,0.53,23607,59.11,6
999684,5,2.0,4997,1936,0,0.51,73560,33.03,6
999684,2,3.5,4610,1930,2,0.92,74213,34.94,2
160272,1,2.5,3116,1988,0,1.46,99610,79.12,1
999684,3,3.0,2281,1993,0,1.14,71776,3.73,6
845685,3,1.0,2453,1984,1,0.71,58864,35.35,4
911984,3,3.0,3158,2017,1,1.2,95309,32.13,8
593537,3,2.0,3445,1943,0,0.88,42970,87.81,3
999684,4,4.0,2242,2022,2,1.54,38210,39.27,4
999684,5,3.0,4641,1930,0,1.24,54088,22.21,8
484852,4,2.5,3523,1926,2,0.89,70035,55.98,6
687809,1,3.0,840,1902,3,1.19,21683,23.57,2
398030,5,1.5,2670,1946,0,1.77,12962,27.75,5
262368,5,4.0,3177,1944,1,0.75,72248,69.19,9
617384,5,4.0,3692,1981,0,1.28,45552,0.19,5
999684,1,3.0,4291,1971,1,1.02,55321,21.57,5
999684,3,4.0,3347,1920,2,1.29,57350,29.84,7
812674,1,2.0,1343,1948,2,0.71,73565,93.8,6
999684,4,2.0,3684,1949,2,1.12,53861,62.14,9
872926,2,2.5,2284,1902,2,1.66,49164,48.41,7
587099,5,3.0,4166,1927,3,0.55,92095,46.35,8
999684,2,2.0,3397,1935,3,0.34,54963,52.87,9
999684,1,3.0,3789,2014,1,0.36,81227,56.39,4
999684,2,2.5,2676,1969,0,0.43,13532,52.93,4
999684,1,1.5,4291,1986,1,1.38,30733,99.71,2
999684,4,3.0,4504,1909,0,0.3,93463,36.68,5
813736,1,3.0,1503,2005,2,0.9,53114,54.34,2
999684,3,2.5,4997,2009,0,1.39,89018,50.41,6
647871,1,3.5,2737,1902,1,1.28,15456,76.36,3
425004,3,1.5,2066,1937,2,0.85,13413,29.36,8
898271,5,3.0,4997,1980,1,1.16,17085,38.76,7
611931,3,1.5,4997,1986,0,1.12,37937,5.8,4
